{"type": "FeatureCollection", "features": [{"type": "Feature", "id": "LTFR_TAXA_VIEW.1", "geometry": {"type": "MultiPolygon", "coordinates": [[[[18.053269, 59.32973], [18.056992, 59.328516], [18.057899, 59.327645], [18.059836, 59.327889], [18.060789, 59.327996], [18.062107, 59.328107], [18.062848, 59.328021], [18.064091, 59.328295], [18.065443, 59.327991], [18.06677, 59.328385], [18.066987, 59.328443], [18.06821, 59.328726], [18.068941, 59.328974], [18.06924, 59.329062], [18.069708, 59.329145], [18.073071, 59.329399], [18.073434, 59.329414], [18.074324, 59.329436], [18.074784, 59.329759], [18.076982, 59.331186], [18.076405, 59.331688], [18.077031, 59.332231], [18.077471, 59.332839], [18.076027, 59.333203], [18.073311, 59.335621], [18.072388, 59.336279], [18.065783, 59.336009], [18.064547, 59.335899], [18.063181, 59.335562], [18.054971, 59.333486], [18.054129, 59.334355], [18.053844, 59.334284], [18.054679, 59.333432], [18.05077, 59.332537], [18.051, 59.332284], [18.051098, 59.332156], [18.051127, 59.331833], [18.050991, 59.331681], [18.051156, 59.331497], [18.051159, 59.331402], [18.051554, 59.33098], [18.051804, 59.330799], [18.052086, 59.330515], [18.052583, 59.330112], [18.05281, 59.329972], [18.053269, 59.32973]]]]}, "geometry_name": "GEOMETRY", "properties": {"DISTRICT_ID": 132479, "DISTRICT_NAME": "Taxa 1", "DIVISION_ID": 14, "TAXA": "55 kr/tim alla dagar 00-24 Boende: ingen boendeparkering", "FID": 1}, "bbox": [18.05077, 59.327645, 18.077471, 59.336279]}, {"type": "Feature", "id": "LTFR_TAXA_VIEW.2", "geometry": {"type": "MultiPolygon", "coordinates": [[[[17.977066, 59.333288], [17.976943, 59.33319], [17.977159, 59.333141], [17.97815, 59.333013], [17.978237, 59.333285], [17.977227, 59.333403], [17.977078, 59.333297], [17.977066, 59.333288]]], [[[18.012565, 59.276447], [18.012356, 59.276311], [18.011558, 59.275931], [18.011109, 59.275683], [18.010536, 59.275425], [18.010209, 59.275258], [18.009729, 59.275029], [18.009601, 59.274971], [18.009802, 59.274836], [18.010407, 59.275113], [18.010738, 59.275277], [18.014549, 59.277089], [18.014295, 59.277223], [18.01323, 59.276714], [18.013058, 59.276682], [18.012565, 59.276447]]], [[[18.073454, 59.314759], [18.073381, 59.314846], [18.072898, 59.315755], [18.072642, 59.315723], [18.072411, 59.315732], [18.072474, 59.315611], [18.072923, 59.314687], [18.073767, 59.313035], [18.073723, 59.312801], [18.074909, 59.31043], [18.07555, 59.309147], [18.076153, 59.307944], [18.076714, 59.308016], [18.07366, 59.314124], [18.083396, 59.315365], [18.083693, 59.315401], [18.083821, 59.315143], [18.084797, 59.313061], [18.08585, 59.310812], [18.086146, 59.310179], [18.086429, 59.310269], [18.084017, 59.31542], [18.091493, 59.315526], [18.092001, 59.315489], [18.094276, 59.315245], [18.094639, 59.31523], [18.094726, 59.315485], [18.094093, 59.3155], [18.093689, 59.315518], [18.092206, 59.315682], [18.089807, 59.315771], [18.086269, 59.315726], [18.085804, 59.31566], [18.083915, 59.315633], [18.082985, 59.317522], [18.082671, 59.317451], [18.08329, 59.316124], [18.083403, 59.316038], [18.083605, 59.315607], [18.073661, 59.314346], [18.073454, 59.314759]]], [[[18.040579, 59.316242], [18.034395, 59.315466], [18.03484, 59.315241], [18.035326, 59.315306], [18.036994, 59.315515], [18.037301, 59.315554], [18.042651, 59.316224], [18.043327, 59.316364], [18.05021, 59.317226], [18.051029, 59.317328], [18.055035, 59.317829], [18.058382, 59.310914], [18.058739, 59.310926], [18.055342, 59.317868], [18.059833, 59.31843], [18.061931, 59.318692], [18.063295, 59.318863], [18.065216, 59.319103], [18.070411, 59.319753], [18.070314, 59.31996], [18.054865, 59.318038], [18.05092, 59.317543], [18.050105, 59.317435], [18.046714, 59.317012], [18.046186, 59.316999], [18.040964, 59.316345], [18.040579, 59.316242]]], [[[18.078558, 59.343422], [18.077431, 59.342014], [18.077151, 59.341858], [18.076249, 59.340731], [18.071016, 59.341799], [18.070585, 59.341711], [18.069993, 59.341735], [18.069741, 59.341418], [18.068733, 59.341114], [18.06849, 59.341061], [18.067488, 59.340895], [18.066906, 59.340931], [18.06632, 59.341004], [18.066073, 59.341253], [18.05945, 59.33952], [18.058633, 59.339305], [18.058691, 59.339246], [18.058119, 59.339097], [18.058062, 59.339154], [18.055634, 59.338515], [18.055245, 59.338906], [18.052752, 59.338248], [18.053143, 59.337859], [18.050328, 59.337117], [18.049853, 59.337029], [18.048612, 59.336708], [18.047994, 59.336502], [18.047751, 59.336398], [18.047464, 59.336242], [18.047177, 59.336026], [18.046806, 59.335637], [18.046708, 59.33552], [18.046134, 59.334715], [18.045901, 59.334368], [18.044499, 59.331645], [18.044214, 59.33149], [18.043389, 59.330009], [18.043473, 59.329829], [18.043064, 59.329105], [18.042766, 59.328989], [18.041284, 59.326262], [18.045963, 59.326154], [18.056788, 59.326803], [18.058067, 59.327157], [18.057935, 59.327599], [18.059836, 59.327889], [18.057899, 59.327645], [18.056992, 59.328516], [18.053269, 59.32973], [18.05281, 59.329972], [18.052583, 59.330112], [18.052086, 59.330515], [18.051804, 59.330799], [18.051554, 59.33098], [18.051159, 59.331402], [18.051156, 59.331497], [18.050991, 59.331681], [18.051127, 59.331833], [18.051098, 59.332156], [18.051, 59.332284], [18.05077, 59.332537], [18.054679, 59.333432], [18.053844, 59.334284], [18.054129, 59.334355], [18.054971, 59.333486], [18.063181, 59.335562], [18.064547, 59.335899], [18.065783, 59.336009], [18.072388, 59.336279], [18.073311, 59.335621], [18.076027, 59.333203], [18.077471, 59.332839], [18.077031, 59.332231], [18.076916, 59.332131], [18.07702, 59.332175], [18.077736, 59.332146], [18.081231, 59.33108], [18.093908, 59.33138], [18.093758, 59.332034], [18.090867, 59.337142], [18.091325, 59.33747], [18.0915, 59.33788], [18.091142, 59.338165], [18.09024, 59.338424], [18.089363, 59.338387], [18.089075, 59.338113], [18.076677, 59.340649], [18.078857, 59.343372], [18.078558, 59.343422]]], [[[18.076442, 59.331655], [18.076442, 59.33172], [18.076405, 59.331688], [18.076442, 59.331655]]], [[[18.077281, 59.331103], [18.07681, 59.331335], [18.076982, 59.331186], [18.074784, 59.329759], [18.074324, 59.329436], [18.073434, 59.329414], [18.074372, 59.329386], [18.075796, 59.328989], [18.077786, 59.327671], [18.080406, 59.328696], [18.079824, 59.32996], [18.077281, 59.331103]]], [[[18.073241, 59.328217], [18.073434, 59.329414], [18.073071, 59.329399], [18.069708, 59.329145], [18.06924, 59.329062], [18.068941, 59.328974], [18.069365, 59.328606], [18.069449, 59.328557], [18.069364, 59.328539], [18.070406, 59.327675], [18.070461, 59.327692], [18.070636, 59.327539], [18.068574, 59.326921], [18.068206, 59.326835], [18.066564, 59.327134], [18.06677, 59.328385], [18.065443, 59.327991], [18.064091, 59.328295], [18.062848, 59.328021], [18.062107, 59.328107], [18.060789, 59.327996], [18.061842, 59.328068], [18.062114, 59.328076], [18.062651, 59.328006], [18.062915, 59.327994], [18.064042, 59.32731], [18.06361, 59.3272], [18.063426, 59.327359], [18.06309, 59.327421], [18.062721, 59.327372], [18.062553, 59.327294], [18.062473, 59.327123], [18.063121, 59.326795], [18.064242, 59.327195], [18.065073, 59.326671], [18.064513, 59.326447], [18.064296, 59.326291], [18.064368, 59.326189], [18.065475, 59.325457], [18.065802, 59.325277], [18.065971, 59.325142], [18.066113, 59.324981], [18.066403, 59.324487], [18.066348, 59.324465], [18.066415, 59.324348], [18.067025, 59.323346], [18.067257, 59.323405], [18.068255, 59.322491], [18.06822, 59.322614], [18.06847, 59.322707], [18.068563, 59.322587], [18.069035, 59.322403], [18.069547, 59.322309], [18.070387, 59.322345], [18.070931, 59.322357], [18.071771, 59.322148], [18.072059, 59.321964], [18.072075, 59.321882], [18.073123, 59.321667], [18.074753, 59.321527], [18.075493, 59.322269], [18.07595, 59.3228], [18.076908, 59.325213], [18.075591, 59.326682], [18.075583, 59.326825], [18.075471, 59.326928], [18.075215, 59.327022], [18.074778, 59.327142], [18.074134, 59.327686], [18.073537, 59.328135], [18.073241, 59.328217]]], [[[18.03727, 59.339394], [18.037464, 59.339407], [18.037588, 59.339427], [18.038833, 59.339735], [18.039881, 59.339995], [18.040743, 59.340215], [18.045987, 59.341502], [18.052209, 59.343041], [18.055391, 59.343829], [18.057775, 59.341299], [18.059283, 59.339697], [18.05945, 59.33952], [18.059966, 59.339656], [18.055913, 59.343958], [18.062922, 59.345692], [18.066821, 59.346655], [18.066326, 59.346832], [18.055684, 59.3442], [18.054925, 59.344013], [18.051955, 59.343278], [18.040464, 59.342832], [18.040062, 59.342816], [18.039219, 59.342784], [18.037817, 59.342729], [18.036731, 59.342687], [18.035593, 59.344001], [18.035377, 59.344249], [18.034545, 59.34521], [18.03445, 59.345334], [18.034124, 59.345756], [18.033646, 59.345602], [18.033902, 59.345387], [18.034067, 59.345215], [18.034159, 59.345122], [18.034785, 59.3444], [18.035283, 59.343826], [18.036131, 59.342848], [18.036602, 59.342304], [18.037404, 59.341377], [18.037362, 59.341216], [18.03657, 59.339899], [18.036239, 59.339326], [18.03518, 59.338018], [18.034113, 59.336699], [18.033142, 59.335501], [18.032962, 59.335418], [18.032309, 59.33461], [18.032185, 59.334404], [18.032697, 59.334337], [18.034274, 59.334131], [18.034478, 59.334104], [18.035394, 59.333985], [18.035701, 59.333945], [18.03803, 59.33364], [18.038336, 59.3336], [18.039237, 59.333483], [18.03948, 59.333451], [18.04089, 59.333267], [18.041197, 59.333227], [18.043178, 59.332968], [18.043484, 59.332928], [18.045054, 59.332723], [18.045158, 59.332925], [18.032824, 59.334543], [18.034568, 59.336698], [18.03557, 59.337936], [18.036629, 59.339244], [18.036755, 59.339401], [18.03682, 59.339416], [18.036962, 59.3394], [18.037095, 59.339392], [18.03727, 59.339394]], [[18.03795, 59.340749], [18.03862, 59.339975], [18.0381, 59.339849], [18.037772, 59.339779], [18.037635, 59.339756], [18.037087, 59.339842], [18.037626, 59.340738], [18.03795, 59.340749]], [[18.051389, 59.343064], [18.039226, 59.340128], [18.03912, 59.340109], [18.038954, 59.34014], [18.038045, 59.341175], [18.038062, 59.341393], [18.038809, 59.34235], [18.038916, 59.342394], [18.046499, 59.342688], [18.051389, 59.343064]], [[18.037724, 59.341662], [18.037648, 59.341678], [18.037499, 59.341804], [18.037052, 59.342321], [18.038071, 59.342361], [18.038169, 59.342256], [18.038087, 59.342236], [18.037892, 59.341986], [18.037957, 59.341972], [18.037827, 59.341807], [18.037768, 59.341716], [18.037724, 59.341662]]], [[[18.102157, 59.348664], [18.102276, 59.348586], [18.102219, 59.34829], [18.1021, 59.347753], [18.101782, 59.346318], [18.101701, 59.346105], [18.101481, 59.345011], [18.100719, 59.344465], [18.100297, 59.344178], [18.099106, 59.343362], [18.094373, 59.340126], [18.094808, 59.34003], [18.094906, 59.340115], [18.096828, 59.341435], [18.099497, 59.343265], [18.100229, 59.343809], [18.101331, 59.344555], [18.101596, 59.344767], [18.101715, 59.344887], [18.101901, 59.345178], [18.102154, 59.346319], [18.102139, 59.3465], [18.102436, 59.347831], [18.102592, 59.348502], [18.102615, 59.348517], [18.102701, 59.348532], [18.102157, 59.348664]]], [[[18.088403, 59.356827], [18.088336, 59.356667], [18.088193, 59.356396], [18.087433, 59.355607], [18.087185, 59.355382], [18.086561, 59.354749], [18.086413, 59.354552], [18.086301, 59.354219], [18.086134, 59.353561], [18.086069, 59.353423], [18.085935, 59.353266], [18.086291, 59.353143], [18.086403, 59.3533], [18.086431, 59.353545], [18.086537, 59.353949], [18.086637, 59.354188], [18.086762, 59.354424], [18.086862, 59.354581], [18.087205, 59.355012], [18.08766, 59.355488], [18.088546, 59.356388], [18.088734, 59.356757], [18.08907, 59.357206], [18.089138, 59.357271], [18.089394, 59.357476], [18.089614, 59.357618], [18.090151, 59.357906], [18.092777, 59.358831], [18.092981, 59.358874], [18.094964, 59.359186], [18.095672, 59.359296], [18.096058, 59.359374], [18.097064, 59.359619], [18.097602, 59.359717], [18.098626, 59.359872], [18.098817, 59.359876], [18.098947, 59.35985], [18.099086, 59.359772], [18.099143, 59.359696], [18.09919, 59.359591], [18.099203, 59.359523], [18.099221, 59.359348], [18.099271, 59.359216], [18.099426, 59.358937], [18.099629, 59.358675], [18.099726, 59.35859], [18.099878, 59.358431], [18.100056, 59.358414], [18.10124, 59.358371], [18.101324, 59.358349], [18.101389, 59.358309], [18.101468, 59.357962], [18.101417, 59.357916], [18.101788, 59.357908], [18.101698, 59.358016], [18.101629, 59.358201], [18.101618, 59.358388], [18.101589, 59.358439], [18.101489, 59.358466], [18.100047, 59.358516], [18.099939, 59.358555], [18.099652, 59.358918], [18.099426, 59.359333], [18.099415, 59.35941], [18.099399, 59.359716], [18.099368, 59.359793], [18.099201, 59.360111], [18.098878, 59.360061], [18.097378, 59.359832], [18.097094, 59.35978], [18.09668, 59.359688], [18.095935, 59.359503], [18.095589, 59.359434], [18.092888, 59.35901], [18.092658, 59.358958], [18.092442, 59.358891], [18.091623, 59.358601], [18.091375, 59.358513], [18.090347, 59.358149], [18.089772, 59.357951], [18.089636, 59.357886], [18.089279, 59.357693], [18.089045, 59.357535], [18.088833, 59.357358], [18.088596, 59.357129], [18.088403, 59.356827]]]]}, "geometry_name": "GEOMETRY", "properties": {"DISTRICT_ID": 132480, "DISTRICT_NAME": "Taxa 2", "DIVISION_ID": 14, "TAXA": "31 kr/tim vardagar 7-21 och dag före helgdag och helgdag 9-19, 20 kr/tim övrig tid, Boende: 1100 kr/månad eller 75 kr/dygn", "FID": 2}, "bbox": [17.976943, 59.274836, 18.102701, 59.360111]}, {"type": "Feature", "id": "LTFR_TAXA_VIEW.3", "geometry": {"type": "MultiPolygon", "coordinates": [[[[18.077434, 59.332848], [18.077186, 59.332445], [18.077471, 59.332839], [18.077434, 59.332848]]], [[[18.075805, 59.298254], [18.075934, 59.298059], [18.078971, 59.298568], [18.079569, 59.297678], [18.079911, 59.29773], [18.079721, 59.298012], [18.080412, 59.298128], [18.0801, 59.298801], [18.080593, 59.298897], [18.081985, 59.29911], [18.082477, 59.299185], [18.082812, 59.298776], [18.083208, 59.298485], [18.083426, 59.298433], [18.083661, 59.298414], [18.086009, 59.298479], [18.086847, 59.298533], [18.086257, 59.299494], [18.086304, 59.299577], [18.088541, 59.300136], [18.090751, 59.300447], [18.091552, 59.30051], [18.100857, 59.300706], [18.101903, 59.300775], [18.10478, 59.300825], [18.105618, 59.300773], [18.110025, 59.301932], [18.110465, 59.302041], [18.110609, 59.301962], [18.111974, 59.302387], [18.11213, 59.302903], [18.112734, 59.303191], [18.112962, 59.303303], [18.113194, 59.303425], [18.113421, 59.303549], [18.113642, 59.303676], [18.113857, 59.303806], [18.113991, 59.30389], [18.114066, 59.303939], [18.114134, 59.30399], [18.114187, 59.304045], [18.114224, 59.304103], [18.114266, 59.304221], [18.114279, 59.304288], [18.114271, 59.304324], [18.114239, 59.304373], [18.114187, 59.304416], [18.114116, 59.304453], [18.114006, 59.304498], [18.113899, 59.304547], [18.113802, 59.304601], [18.113716, 59.30466], [18.113643, 59.304723], [18.113582, 59.304789], [18.113534, 59.304858], [18.113501, 59.30493], [18.113492, 59.304949], [18.113416, 59.305076], [18.113409, 59.30509], [18.113396, 59.305129], [18.113354, 59.305269], [18.113351, 59.305468], [18.113304, 59.305707], [18.11324, 59.306036], [18.112971, 59.306059], [18.112981, 59.306549], [18.11265, 59.308264], [18.112636, 59.308332], [18.112633, 59.308348], [18.112604, 59.308499], [18.112591, 59.308565], [18.11263, 59.308755], [18.112667, 59.308932], [18.11309, 59.308917], [18.113064, 59.308933], [18.112949, 59.309002], [18.113014, 59.309019], [18.11213, 59.309603], [18.111074, 59.3103], [18.109486, 59.311347], [18.109391, 59.311324], [18.109049, 59.311364], [18.108827, 59.311415], [18.108734, 59.311435], [18.108684, 59.311445], [18.108293, 59.311695], [18.1077, 59.312075], [18.107588, 59.312381], [18.107654, 59.312474], [18.107753, 59.312617], [18.106402, 59.313265], [18.106384, 59.313274], [18.105916, 59.313499], [18.105748, 59.313579], [18.105762, 59.313583], [18.105608, 59.313644], [18.105402, 59.31372], [18.105283, 59.313771], [18.104696, 59.313463], [18.104131, 59.313087], [18.103545, 59.312665], [18.10309, 59.312248], [18.102787, 59.311909], [18.102898, 59.311769], [18.103018, 59.311687], [18.102608, 59.311071], [18.10284, 59.31103], [18.102678, 59.310783], [18.102446, 59.310827], [18.101464, 59.309413], [18.101862, 59.309338], [18.1021, 59.309427], [18.103328, 59.309192], [18.102898, 59.308551], [18.102596, 59.308536], [18.102418, 59.308268], [18.103103, 59.308139], [18.103118, 59.308162], [18.105496, 59.307683], [18.106046, 59.308111], [18.106368, 59.307969], [18.106338, 59.307909], [18.106192, 59.307894], [18.106141, 59.307793], [18.106237, 59.307721], [18.106161, 59.307592], [18.106443, 59.307595], [18.106468, 59.307479], [18.107052, 59.30752], [18.107122, 59.307239], [18.106472, 59.307188], [18.106465, 59.306652], [18.10711, 59.306592], [18.10711, 59.306509], [18.106616, 59.306546], [18.10656, 59.306379], [18.105915, 59.306433], [18.105281, 59.306596], [18.104379, 59.306674], [18.103023, 59.306389], [18.102477, 59.306155], [18.102412, 59.306065], [18.102467, 59.305918], [18.10227, 59.305668], [18.102319, 59.305439], [18.102067, 59.3053], [18.102615, 59.305106], [18.103013, 59.304923], [18.10323, 59.304894], [18.103295, 59.304832], [18.103979, 59.304597], [18.104125, 59.304536], [18.104619, 59.304422], [18.104941, 59.304285], [18.105127, 59.304226], [18.104657, 59.30386], [18.104214, 59.304007], [18.104184, 59.303984], [18.099286, 59.305652], [18.09914, 59.305647], [18.098954, 59.305658], [18.098808, 59.305738], [18.098722, 59.305836], [18.098486, 59.305955], [18.09838, 59.305988], [18.098275, 59.306078], [18.098083, 59.306153], [18.097756, 59.306228], [18.097585, 59.306249], [18.097484, 59.30621], [18.097358, 59.306257], [18.097167, 59.306306], [18.096955, 59.306309], [18.096794, 59.306288], [18.096401, 59.306412], [18.096074, 59.306485], [18.095862, 59.306505], [18.095686, 59.306627], [18.094814, 59.306416], [18.094834, 59.306375], [18.093326, 59.30602], [18.093276, 59.306054], [18.085864, 59.304304], [18.085788, 59.304206], [18.084447, 59.303895], [18.084296, 59.303929], [18.080877, 59.303109], [18.079868, 59.30293], [18.07824, 59.302659], [18.0807, 59.300888], [18.081111, 59.299437], [18.07979, 59.299319], [18.078887, 59.299262], [18.078782, 59.298945], [18.078798, 59.298756], [18.075805, 59.298254]]], [[[18.038062, 59.341393], [18.038045, 59.341175], [18.038954, 59.34014], [18.03912, 59.340109], [18.039226, 59.340128], [18.051389, 59.343064], [18.046499, 59.342688], [18.038916, 59.342394], [18.038809, 59.34235], [18.038062, 59.341393]]], [[[18.037626, 59.340738], [18.037087, 59.339842], [18.037635, 59.339756], [18.037772, 59.339779], [18.0381, 59.339849], [18.03862, 59.339975], [18.03795, 59.340749], [18.037626, 59.340738]]], [[[18.037052, 59.342321], [18.037499, 59.341804], [18.037648, 59.341678], [18.037724, 59.341662], [18.037768, 59.341716], [18.037827, 59.341807], [18.037957, 59.341972], [18.037892, 59.341986], [18.038087, 59.342236], [18.038169, 59.342256], [18.038071, 59.342361], [18.037052, 59.342321]]], [[[18.03557, 59.337936], [18.035115, 59.337367], [18.036158, 59.337194], [18.03647, 59.337041], [18.036949, 59.336957], [18.037111, 59.336962], [18.037826, 59.336822], [18.037922, 59.336773], [18.038153, 59.336737], [18.038309, 59.336745], [18.038859, 59.336661], [18.040234, 59.336506], [18.040384, 59.336518], [18.041766, 59.336378], [18.042601, 59.33627], [18.046669, 59.335482], [18.046421, 59.335152], [18.046253, 59.334883], [18.046708, 59.33552], [18.046806, 59.335637], [18.047177, 59.336026], [18.047464, 59.336242], [18.047751, 59.336398], [18.047994, 59.336502], [18.048612, 59.336708], [18.049853, 59.337029], [18.050328, 59.337117], [18.053143, 59.337859], [18.052752, 59.338248], [18.055245, 59.338906], [18.055634, 59.338515], [18.058062, 59.339154], [18.058119, 59.339097], [18.058691, 59.339246], [18.058633, 59.339305], [18.05945, 59.33952], [18.059283, 59.339697], [18.057775, 59.341299], [18.055391, 59.343829], [18.052209, 59.343041], [18.045987, 59.341502], [18.040743, 59.340215], [18.039881, 59.339995], [18.038833, 59.339735], [18.037588, 59.339427], [18.037464, 59.339407], [18.03727, 59.339394], [18.037095, 59.339392], [18.036962, 59.3394], [18.03682, 59.339416], [18.036755, 59.339401], [18.036629, 59.339244], [18.03557, 59.337936]]], [[[18.034568, 59.336698], [18.032824, 59.334543], [18.045158, 59.332925], [18.045901, 59.334368], [18.046134, 59.334715], [18.046209, 59.33482], [18.045976, 59.334935], [18.045468, 59.335052], [18.044826, 59.33517], [18.044363, 59.335381], [18.043696, 59.335579], [18.041587, 59.336008], [18.039966, 59.336246], [18.039579, 59.336269], [18.039242, 59.336252], [18.038537, 59.336334], [18.037504, 59.336502], [18.037279, 59.336518], [18.037224, 59.336538], [18.037055, 59.336558], [18.036878, 59.336548], [18.034745, 59.336911], [18.034568, 59.336698]]], [[[18.025961, 59.317962], [18.025917, 59.317868], [18.026088, 59.317379], [18.026192, 59.31732], [18.026212, 59.317207], [18.026188, 59.31707], [18.026292, 59.31688], [18.026495, 59.316313], [18.026667, 59.316054], [18.029619, 59.315186], [18.029903, 59.315059], [18.030263, 59.314991], [18.031655, 59.314547], [18.032507, 59.314214], [18.033103, 59.314105], [18.033442, 59.313878], [18.032818, 59.313369], [18.033198, 59.313226], [18.034014, 59.313739], [18.03415, 59.313765], [18.034762, 59.313581], [18.03495, 59.313479], [18.035374, 59.313307], [18.03569, 59.313192], [18.036573, 59.312718], [18.037453, 59.31228], [18.037433, 59.312212], [18.037441, 59.312141], [18.037609, 59.312001], [18.037921, 59.311948], [18.038101, 59.311954], [18.040172, 59.311134], [18.040332, 59.311046], [18.041112, 59.310804], [18.041563, 59.310601], [18.041575, 59.310536], [18.041955, 59.310421], [18.042023, 59.31046], [18.042551, 59.310296], [18.042667, 59.310221], [18.042927, 59.310218], [18.043531, 59.310085], [18.043915, 59.309979], [18.044319, 59.309973], [18.044523, 59.309887], [18.04499, 59.309739], [18.045238, 59.30961], [18.045562, 59.309502], [18.046426, 59.309178], [18.046749, 59.309066], [18.047069, 59.30901], [18.047237, 59.309025], [18.047617, 59.308914], [18.047941, 59.308855], [18.048549, 59.308807], [18.048661, 59.308768], [18.048969, 59.308711], [18.049237, 59.308631], [18.049625, 59.308545], [18.049917, 59.308469], [18.050093, 59.308473], [18.050417, 59.308447], [18.0509, 59.308269], [18.05138, 59.30815], [18.052244, 59.307884], [18.053019, 59.307754], [18.054959, 59.307381], [18.058509, 59.306656], [18.058637, 59.306603], [18.058793, 59.306515], [18.060304, 59.306035], [18.061151, 59.305691], [18.061435, 59.305628], [18.06219, 59.30528], [18.063926, 59.305001], [18.064461, 59.30496], [18.066109, 59.304904], [18.066161, 59.304867], [18.066801, 59.304774], [18.067509, 59.304725], [18.067536, 59.304649], [18.067812, 59.304479], [18.067627, 59.304197], [18.067747, 59.304144], [18.068343, 59.304144], [18.068771, 59.304], [18.070162, 59.303701], [18.070574, 59.303637], [18.072025, 59.303457], [18.072849, 59.303511], [18.072998, 59.303736], [18.073086, 59.304014], [18.073971, 59.304323], [18.074698, 59.304253], [18.07588, 59.303397], [18.07584, 59.303366], [18.075708, 59.303348], [18.075868, 59.303219], [18.07606, 59.303235], [18.077436, 59.303253], [18.077536, 59.303161], [18.079968, 59.303552], [18.080344, 59.30367], [18.080237, 59.303851], [18.080805, 59.303928], [18.080638, 59.304261], [18.085298, 59.304911], [18.096296, 59.307529], [18.09874, 59.30865], [18.101309, 59.311728], [18.101553, 59.311959], [18.101858, 59.312174], [18.104106, 59.313583], [18.104263, 59.313595], [18.10482, 59.313928], [18.104896, 59.314008], [18.107184, 59.315317], [18.106805, 59.31551], [18.106826, 59.315943], [18.106454, 59.316021], [18.106427, 59.316086], [18.099337, 59.316143], [18.099145, 59.31619], [18.099041, 59.316096], [18.098425, 59.316128], [18.098369, 59.316154], [18.09583, 59.316676], [18.095979, 59.316866], [18.095519, 59.317015], [18.095279, 59.317058], [18.09509, 59.316834], [18.092571, 59.31733], [18.091308, 59.317558], [18.090448, 59.317675], [18.089288, 59.317801], [18.08418, 59.318279], [18.083448, 59.318369], [18.07992, 59.319055], [18.074922, 59.320199], [18.074454, 59.320496], [18.074354, 59.320539], [18.073938, 59.320455], [18.07385, 59.320478], [18.073658, 59.320709], [18.073671, 59.320829], [18.073759, 59.320962], [18.073977, 59.321128], [18.071866, 59.3216], [18.071631, 59.321295], [18.071515, 59.321293], [18.070659, 59.321477], [18.068769, 59.321133], [18.068421, 59.321108], [18.068298, 59.321221], [18.067477, 59.32115], [18.067501, 59.321092], [18.067045, 59.321099], [18.062676, 59.321346], [18.061872, 59.321365], [18.051768, 59.321327], [18.050656, 59.321305], [18.049951, 59.321264], [18.047914, 59.321111], [18.047898, 59.321087], [18.047306, 59.321042], [18.046478, 59.320999], [18.041664, 59.320633], [18.041644, 59.320592], [18.041043, 59.320568], [18.039767, 59.320439], [18.039551, 59.320392], [18.039035, 59.320364], [18.038979, 59.32037], [18.038951, 59.320423], [18.038823, 59.320446], [18.03871, 59.32044], [18.03853, 59.320294], [18.03825, 59.32025], [18.035929, 59.320046], [18.035501, 59.320052], [18.035405, 59.320029], [18.035209, 59.320062], [18.034881, 59.320087], [18.034725, 59.320085], [18.034185, 59.319972], [18.034101, 59.319952], [18.033841, 59.319944], [18.033688, 59.319887], [18.032856, 59.319787], [18.03208, 59.31967], [18.031195, 59.319534], [18.030983, 59.319527], [18.030851, 59.319515], [18.030711, 59.319509], [18.030535, 59.31947], [18.029611, 59.31934], [18.029407, 59.31934], [18.028754, 59.319244], [18.028558, 59.319244], [18.028406, 59.319217], [18.028154, 59.319209], [18.028002, 59.319113], [18.02785, 59.319076], [18.026993, 59.318772], [18.026841, 59.318721], [18.026717, 59.318631], [18.026381, 59.318512], [18.025961, 59.317962]], [[18.03484, 59.315241], [18.034395, 59.315466], [18.040579, 59.316242], [18.040964, 59.316345], [18.046186, 59.316999], [18.046714, 59.317012], [18.050105, 59.317435], [18.05092, 59.317543], [18.054865, 59.318038], [18.070314, 59.31996], [18.070411, 59.319753], [18.065216, 59.319103], [18.063295, 59.318863], [18.061931, 59.318692], [18.059833, 59.31843], [18.055342, 59.317868], [18.058739, 59.310926], [18.058382, 59.310914], [18.055035, 59.317829], [18.051029, 59.317328], [18.05021, 59.317226], [18.043327, 59.316364], [18.042651, 59.316224], [18.037301, 59.315554], [18.036994, 59.315515], [18.035326, 59.315306], [18.03484, 59.315241]], [[18.072474, 59.315611], [18.072411, 59.315732], [18.072642, 59.315723], [18.072898, 59.315755], [18.073381, 59.314846], [18.073454, 59.314759], [18.073661, 59.314346], [18.083605, 59.315607], [18.083403, 59.316038], [18.08329, 59.316124], [18.082671, 59.317451], [18.082985, 59.317522], [18.083915, 59.315633], [18.085804, 59.31566], [18.086269, 59.315726], [18.089807, 59.315771], [18.092206, 59.315682], [18.093689, 59.315518], [18.094093, 59.3155], [18.094726, 59.315485], [18.094639, 59.31523], [18.094276, 59.315245], [18.092001, 59.315489], [18.091493, 59.315526], [18.084017, 59.31542], [18.086429, 59.310269], [18.086146, 59.310179], [18.08585, 59.310812], [18.084797, 59.313061], [18.083821, 59.315143], [18.083693, 59.315401], [18.083396, 59.315365], [18.07366, 59.314124], [18.076714, 59.308016], [18.076153, 59.307944], [18.07555, 59.309147], [18.074909, 59.31043], [18.073723, 59.312801], [18.073767, 59.313035], [18.072923, 59.314687], [18.072474, 59.315611]]], [[[18.025085, 59.339883], [18.025087, 59.339838], [18.025392, 59.339789], [18.026024, 59.33965], [18.02644, 59.339552], [18.026753, 59.339441], [18.026945, 59.339425], [18.027105, 59.339273], [18.027505, 59.339175], [18.027609, 59.339073], [18.027937, 59.338995], [18.02841, 59.338954], [18.029002, 59.338786], [18.029506, 59.338704], [18.030195, 59.338528], [18.031027, 59.338315], [18.031107, 59.338225], [18.031764, 59.338107], [18.032212, 59.338057], [18.034429, 59.337513], [18.034716, 59.337449], [18.03518, 59.338018], [18.036239, 59.339326], [18.03657, 59.339899], [18.037362, 59.341216], [18.037404, 59.341377], [18.036602, 59.342304], [18.036131, 59.342848], [18.035283, 59.343826], [18.034785, 59.3444], [18.034159, 59.345122], [18.034067, 59.345215], [18.033902, 59.345387], [18.033646, 59.345602], [18.034124, 59.345756], [18.03445, 59.345334], [18.034545, 59.34521], [18.035377, 59.344249], [18.035593, 59.344001], [18.036731, 59.342687], [18.037817, 59.342729], [18.039219, 59.342784], [18.040062, 59.342816], [18.040464, 59.342832], [18.051955, 59.343278], [18.054925, 59.344013], [18.055684, 59.3442], [18.066326, 59.346832], [18.066821, 59.346655], [18.062922, 59.345692], [18.055913, 59.343958], [18.059965, 59.339656], [18.065504, 59.341105], [18.065504, 59.341104], [18.066073, 59.341253], [18.06632, 59.341004], [18.066906, 59.340931], [18.067488, 59.340895], [18.06849, 59.341061], [18.068733, 59.341114], [18.069741, 59.341418], [18.069993, 59.341735], [18.070585, 59.341711], [18.071016, 59.341799], [18.076249, 59.340731], [18.077149, 59.341856], [18.077151, 59.341858], [18.077431, 59.342014], [18.078558, 59.343422], [18.078857, 59.343372], [18.076677, 59.340649], [18.089075, 59.338113], [18.089363, 59.338387], [18.09024, 59.338424], [18.091142, 59.338165], [18.0915, 59.33788], [18.091325, 59.33747], [18.090867, 59.337142], [18.093758, 59.332034], [18.093908, 59.33138], [18.093388, 59.331368], [18.093451, 59.331349], [18.093889, 59.331355], [18.094176, 59.331423], [18.0954, 59.331446], [18.095446, 59.331477], [18.095789, 59.33148], [18.096272, 59.331402], [18.0968, 59.331356], [18.097232, 59.331349], [18.097705, 59.33132], [18.098275, 59.331057], [18.099444, 59.330949], [18.099875, 59.330835], [18.100334, 59.330934], [18.100669, 59.331019], [18.100809, 59.331268], [18.100837, 59.331453], [18.101296, 59.331495], [18.10312, 59.331579], [18.103635, 59.331557], [18.1039, 59.331778], [18.104457, 59.331991], [18.104763, 59.332019], [18.105195, 59.332154], [18.105237, 59.332246], [18.105655, 59.332438], [18.106407, 59.332522], [18.108262, 59.333166], [18.10879, 59.333409], [18.107961, 59.335259], [18.107172, 59.336069], [18.106003, 59.336822], [18.10386, 59.337819], [18.103583, 59.337948], [18.102947, 59.338227], [18.103406, 59.338755], [18.103779, 59.339104], [18.104014, 59.33922], [18.104394, 59.339322], [18.104821, 59.339393], [18.105346, 59.339448], [18.105699, 59.339467], [18.111466, 59.339575], [18.112061, 59.339589], [18.114179, 59.339556], [18.114901, 59.339579], [18.116168, 59.339543], [18.143141, 59.337599], [18.142954, 59.33762], [18.142808, 59.337775], [18.142814, 59.337973], [18.142905, 59.338012], [18.142801, 59.338285], [18.14207, 59.338587], [18.141798, 59.338556], [18.141561, 59.338572], [18.141103, 59.33875], [18.140966, 59.338738], [18.14079, 59.33881], [18.140685, 59.338972], [18.140499, 59.339112], [18.137405, 59.341231], [18.137315, 59.341396], [18.130543, 59.343315], [18.1302, 59.343359], [18.129816, 59.343313], [18.129205, 59.343166], [18.128645, 59.342999], [18.128089, 59.342729], [18.127888, 59.34292], [18.127334, 59.343143], [18.120053, 59.341271], [18.119259, 59.342088], [18.13107, 59.345218], [18.131055, 59.34537], [18.131368, 59.345473], [18.131687, 59.345779], [18.131536, 59.345908], [18.129566, 59.346552], [18.128417, 59.34687], [18.127948, 59.346971], [18.127151, 59.346967], [18.125939, 59.346684], [18.125657, 59.346659], [18.124733, 59.34641], [18.124223, 59.346299], [18.124106, 59.346127], [18.124095, 59.346024], [18.124276, 59.345663], [18.124597, 59.34532], [18.118104, 59.343638], [18.11731, 59.345968], [18.117522, 59.345991], [18.117392, 59.346409], [18.117165, 59.346388], [18.117035, 59.346762], [18.114708, 59.349395], [18.108159, 59.349568], [18.108375, 59.350643], [18.113465, 59.350504], [18.113491, 59.350679], [18.114616, 59.350658], [18.115984, 59.350829], [18.116519, 59.35087], [18.116686, 59.350947], [18.116737, 59.351071], [18.116163, 59.351447], [18.113933, 59.351504], [18.11359, 59.351643], [18.113596, 59.351774], [18.110967, 59.351846], [18.110117, 59.354354], [18.109851, 59.354625], [18.110346, 59.354759], [18.109692, 59.355486], [18.109157, 59.35536], [18.10796, 59.35668], [18.108359, 59.356783], [18.107464, 59.357763], [18.107034, 59.357673], [18.106939, 59.357797], [18.106843, 59.357799], [18.106471, 59.358343], [18.105338, 59.358965], [18.105162, 59.358955], [18.104751, 59.358765], [18.104414, 59.358992], [18.104162, 59.35909], [18.104248, 59.359262], [18.104042, 59.359332], [18.101619, 59.359393], [18.101629, 59.359427], [18.100166, 59.359472], [18.099732, 59.359627], [18.099587, 59.359864], [18.099678, 59.359882], [18.098959, 59.361127], [18.098727, 59.361109], [18.098389, 59.361287], [18.095208, 59.360797], [18.094895, 59.36078], [18.094506, 59.36069], [18.092598, 59.3604], [18.08691, 59.358755], [18.085596, 59.357901], [18.084303, 59.357127], [18.083591, 59.3567], [18.084987, 59.355897], [18.084999, 59.355898], [18.085413, 59.35566], [18.085551, 59.35558], [18.085453, 59.355373], [18.085426, 59.355341], [18.085542, 59.355283], [18.085651, 59.355224], [18.08574, 59.355148], [18.085826, 59.355031], [18.085841, 59.355002], [18.085861, 59.354965], [18.085971, 59.354761], [18.085991, 59.354696], [18.086006, 59.354648], [18.08607, 59.354439], [18.086132, 59.354299], [18.086136, 59.354291], [18.086172, 59.354209], [18.08621, 59.354121], [18.086301, 59.354219], [18.086413, 59.354552], [18.086561, 59.354749], [18.087185, 59.355382], [18.087433, 59.355607], [18.088193, 59.356396], [18.088336, 59.356667], [18.088403, 59.356827], [18.088596, 59.357129], [18.088833, 59.357358], [18.089045, 59.357535], [18.089279, 59.357693], [18.089636, 59.357886], [18.089772, 59.357951], [18.090347, 59.358149], [18.091375, 59.358513], [18.091623, 59.358601], [18.092442, 59.358891], [18.092658, 59.358958], [18.092888, 59.35901], [18.095589, 59.359434], [18.095935, 59.359503], [18.09668, 59.359688], [18.097094, 59.35978], [18.097378, 59.359832], [18.098878, 59.360061], [18.099201, 59.360111], [18.099368, 59.359793], [18.099399, 59.359716], [18.099415, 59.35941], [18.099426, 59.359333], [18.099652, 59.358918], [18.099939, 59.358555], [18.100047, 59.358516], [18.101489, 59.358466], [18.101589, 59.358439], [18.101618, 59.358388], [18.101629, 59.358201], [18.101698, 59.358016], [18.101788, 59.357908], [18.101417, 59.357916], [18.101468, 59.357962], [18.101389, 59.358309], [18.101324, 59.358349], [18.10124, 59.358371], [18.100056, 59.358414], [18.099878, 59.358431], [18.099726, 59.35859], [18.099629, 59.358675], [18.099426, 59.358937], [18.099271, 59.359216], [18.099221, 59.359348], [18.099203, 59.359523], [18.09919, 59.359591], [18.099143, 59.359696], [18.099086, 59.359772], [18.098947, 59.35985], [18.098817, 59.359876], [18.098626, 59.359872], [18.097602, 59.359717], [18.097064, 59.359619], [18.096058, 59.359374], [18.095672, 59.359296], [18.094964, 59.359186], [18.092981, 59.358874], [18.092777, 59.358831], [18.090151, 59.357906], [18.089614, 59.357618], [18.089394, 59.357476], [18.089138, 59.357271], [18.08907, 59.357206], [18.088734, 59.356757], [18.088546, 59.356388], [18.08766, 59.355488], [18.087205, 59.355012], [18.086862, 59.354581], [18.086762, 59.354424], [18.086637, 59.354188], [18.086537, 59.353949], [18.086431, 59.353545], [18.086403, 59.3533], [18.086291, 59.353143], [18.085947, 59.353133], [18.085775, 59.353008], [18.085729, 59.35298], [18.085691, 59.352963], [18.085667, 59.352952], [18.085613, 59.352935], [18.085558, 59.352924], [18.085294, 59.35287], [18.085221, 59.352851], [18.08511, 59.352823], [18.085029, 59.3528], [18.084963, 59.352779], [18.084918, 59.352764], [18.084875, 59.352746], [18.084818, 59.352721], [18.08478, 59.352705], [18.08472, 59.352671], [18.084678, 59.352642], [18.084658, 59.352614], [18.084634, 59.352562], [18.084589, 59.352464], [18.084559, 59.352415], [18.084492, 59.352305], [18.08526, 59.352208], [18.085724, 59.352137], [18.086295, 59.352031], [18.08662, 59.35198], [18.086936, 59.351906], [18.087228, 59.351826], [18.087538, 59.351729], [18.087816, 59.351631], [18.088098, 59.351518], [18.088334, 59.351409], [18.088475, 59.351338], [18.088596, 59.351262], [18.088726, 59.351165], [18.088794, 59.351089], [18.088925, 59.350964], [18.089098, 59.350814], [18.089236, 59.350697], [18.089353, 59.350606], [18.089437, 59.350546], [18.089513, 59.350497], [18.089642, 59.350422], [18.089832, 59.350321], [18.090068, 59.350198], [18.090175, 59.35015], [18.090295, 59.350095], [18.090587, 59.349944], [18.090958, 59.349721], [18.091018, 59.349686], [18.091072, 59.34965], [18.091149, 59.349598], [18.091227, 59.349543], [18.091323, 59.349472], [18.091448, 59.349383], [18.091559, 59.349303], [18.09167, 59.349224], [18.091779, 59.349145], [18.091861, 59.349086], [18.092405, 59.348696], [18.092236, 59.348641], [18.089742, 59.347991], [18.089409, 59.347838], [18.086987, 59.34715], [18.086777, 59.347113], [18.086434, 59.347015], [18.086364, 59.346981], [18.086135, 59.346907], [18.085917, 59.346889], [18.084434, 59.346465], [18.083784, 59.346321], [18.083399, 59.346217], [18.082717, 59.346082], [18.081346, 59.345627], [18.080269, 59.345208], [18.079529, 59.344613], [18.079319, 59.344389], [18.079148, 59.344187], [18.0789, 59.344089], [18.078592, 59.344088], [18.076684, 59.34456], [18.072119, 59.345713], [18.071878, 59.34583], [18.070887, 59.346402], [18.068931, 59.347273], [18.06634, 59.348664], [18.065427, 59.349678], [18.064693, 59.351405], [18.063956, 59.351938], [18.061822, 59.35277], [18.05895, 59.353992], [18.053424, 59.355009], [18.053464, 59.354902], [18.052734, 59.354105], [18.052061, 59.353925], [18.051388, 59.354106], [18.050988, 59.354261], [18.050323, 59.354151], [18.049642, 59.354106], [18.049434, 59.354135], [18.049114, 59.354536], [18.048834, 59.354745], [18.048313, 59.354905], [18.048258, 59.355354], [18.047978, 59.3554], [18.047673, 59.355351], [18.047112, 59.35515], [18.046863, 59.354942], [18.046919, 59.35486], [18.046879, 59.354553], [18.04671, 59.354242], [18.046574, 59.353928], [18.046549, 59.35367], [18.046605, 59.353326], [18.046597, 59.35295], [18.04654, 59.352811], [18.046276, 59.352656], [18.045931, 59.352549], [18.045659, 59.352509], [18.045306, 59.352333], [18.04513, 59.352251], [18.044937, 59.352186], [18.044947, 59.352086], [18.044635, 59.351563], [18.044522, 59.351445], [18.044187, 59.351095], [18.043294, 59.350182], [18.042887, 59.350068], [18.042858, 59.35006], [18.041874, 59.351083], [18.041303, 59.350906], [18.040892, 59.350835], [18.040793, 59.350827], [18.040536, 59.350822], [18.040924, 59.350931], [18.040708, 59.351131], [18.040442, 59.351056], [18.035385, 59.349632], [18.0356, 59.349433], [18.033744, 59.34891], [18.033979, 59.348666], [18.033688, 59.348587], [18.033403, 59.348504], [18.032672, 59.348286], [18.032639, 59.348276], [18.032372, 59.348539], [18.032184, 59.348485], [18.032151, 59.348494], [18.032128, 59.348496], [18.030763, 59.34811], [18.030346, 59.347992], [18.030317, 59.347981], [18.030295, 59.347967], [18.03028, 59.347951], [18.030273, 59.347933], [18.030275, 59.347925], [18.030275, 59.347915], [18.030288, 59.347897], [18.030308, 59.347882], [18.030326, 59.347873], [18.030367, 59.347853], [18.030464, 59.34781], [18.030605, 59.347744], [18.030702, 59.347697], [18.030752, 59.347671], [18.030843, 59.347623], [18.031028, 59.347524], [18.031018, 59.347519], [18.03068, 59.347345], [18.030624, 59.347316], [18.030586, 59.347297], [18.02989, 59.346922], [18.028978, 59.346354], [18.027494, 59.345294], [18.026995, 59.344967], [18.026708, 59.34481], [18.026311, 59.344635], [18.025915, 59.34451], [18.025681, 59.34445], [18.025351, 59.344386], [18.025542, 59.344196], [18.025793, 59.344038], [18.026016, 59.343915], [18.025679, 59.343413], [18.025508, 59.343042], [18.025438, 59.342763], [18.025381, 59.342337], [18.025383, 59.342285], [18.025384, 59.342233], [18.025389, 59.342167], [18.025412, 59.34197], [18.025436, 59.341821], [18.025493, 59.341617], [18.025544, 59.341476], [18.025622, 59.341297], [18.025653, 59.341235], [18.025684, 59.341173], [18.025638, 59.341168], [18.025374, 59.341149], [18.025393, 59.34106], [18.025513, 59.340594], [18.025358, 59.340337], [18.025085, 59.339883]], [[18.094808, 59.34003], [18.094373, 59.340126], [18.099106, 59.343362], [18.100297, 59.344178], [18.100719, 59.344465], [18.101481, 59.345011], [18.101701, 59.346105], [18.101782, 59.346318], [18.1021, 59.347753], [18.102219, 59.34829], [18.102276, 59.348586], [18.102157, 59.348664], [18.102701, 59.348532], [18.102615, 59.348517], [18.102592, 59.348502], [18.102436, 59.347831], [18.102139, 59.3465], [18.102154, 59.346319], [18.101901, 59.345178], [18.101715, 59.344887], [18.101596, 59.344767], [18.101331, 59.344555], [18.100229, 59.343809], [18.099497, 59.343265], [18.096828, 59.341435], [18.094906, 59.340115], [18.094808, 59.34003]]], [[[18.021532, 59.3109], [18.019235, 59.310242], [18.02453, 59.308704], [18.022847, 59.307445], [18.022008, 59.30671], [18.021386, 59.306145], [18.02044, 59.305059], [18.019637, 59.304099], [18.020123, 59.30341], [18.020985, 59.302808], [18.021772, 59.302772], [18.02216, 59.30274], [18.022922, 59.302659], [18.023507, 59.302569], [18.023809, 59.302477], [18.02437, 59.302347], [18.025945, 59.301696], [18.026436, 59.301425], [18.028927, 59.299808], [18.034109, 59.302123], [18.038626, 59.305668], [18.038082, 59.305791], [18.033936, 59.30674], [18.033618, 59.306793], [18.029892, 59.308129], [18.030322, 59.308454], [18.030537, 59.308433], [18.033132, 59.311726], [18.032753, 59.311873], [18.030972, 59.313067], [18.031106, 59.313179], [18.028762, 59.311948], [18.028109, 59.311454], [18.028074, 59.311632], [18.027959, 59.311728], [18.027021, 59.312136], [18.026297, 59.312372], [18.025978, 59.312412], [18.025086, 59.312339], [18.024939, 59.312297], [18.024847, 59.312229], [18.024495, 59.311837], [18.024295, 59.311486], [18.0238, 59.311358], [18.023217, 59.311142], [18.021532, 59.3109]]], [[[18.015081, 59.318549], [18.01498, 59.318281], [18.015141, 59.318183], [18.015282, 59.318194], [18.016532, 59.317426], [18.017258, 59.317127], [18.017933, 59.317049], [18.018195, 59.317013], [18.01876, 59.316977], [18.019738, 59.316874], [18.022238, 59.316848], [18.022268, 59.316796], [18.024547, 59.316775], [18.025434, 59.317434], [18.025939, 59.318522], [18.026363, 59.319068], [18.026323, 59.319393], [18.026222, 59.319491], [18.025093, 59.319645], [18.024367, 59.319733], [18.021191, 59.319924], [18.020909, 59.319693], [18.018933, 59.319317], [18.01745, 59.31909], [18.017128, 59.319142], [18.015918, 59.318884], [18.015081, 59.318549]]], [[[17.999207, 59.325928], [17.999423, 59.324454], [17.999499, 59.324344], [18.000516, 59.323785], [18.001342, 59.323162], [18.001507, 59.323175], [18.002332, 59.323526], [18.002688, 59.323214], [18.002345, 59.32313], [18.001723, 59.323117], [18.001634, 59.322922], [18.003031, 59.322175], [18.007211, 59.322279], [18.007541, 59.322779], [18.008265, 59.322889], [18.00885, 59.323051], [18.009269, 59.323408], [18.009244, 59.323603], [18.009638, 59.323603], [18.010565, 59.323824], [18.010997, 59.324142], [18.010959, 59.324616], [18.01082, 59.32485], [18.009359, 59.325675], [18.007859, 59.325889], [18.007618, 59.326084], [18.001469, 59.327324], [18.000681, 59.326662], [18.001316, 59.326454], [18.000363, 59.326064], [17.999703, 59.326259], [17.999207, 59.325928]]], [[[17.995714, 59.3307], [17.995752, 59.330411], [17.99593, 59.330363], [17.996146, 59.330239], [17.996324, 59.33021], [17.996953, 59.329843], [17.997798, 59.329476], [17.999342, 59.329074], [17.999875, 59.328905], [18.000911, 59.328694], [18.000981, 59.328613], [18.002633, 59.328123], [18.002963, 59.328097], [18.004037, 59.327717], [18.006787, 59.327178], [18.006978, 59.327064], [18.007982, 59.326678], [18.008071, 59.326428], [18.008496, 59.326249], [18.009671, 59.326028], [18.010287, 59.325629], [18.010948, 59.325541], [18.011609, 59.32544], [18.012288, 59.325294], [18.015439, 59.325086], [18.015585, 59.325028], [18.015725, 59.325034], [18.015947, 59.324973], [18.016195, 59.324989], [18.017364, 59.324888], [18.017592, 59.324904], [18.018107, 59.324998], [18.018463, 59.324956], [18.01871, 59.324979], [18.019447, 59.324881], [18.019822, 59.324946], [18.020451, 59.325173], [18.020953, 59.325209], [18.021194, 59.32516], [18.021391, 59.325063], [18.021588, 59.32504], [18.021861, 59.324839], [18.021613, 59.32478], [18.021588, 59.324722], [18.021734, 59.324628], [18.021994, 59.324465], [18.022185, 59.324374], [18.022496, 59.324387], [18.022661, 59.324507], [18.022579, 59.324747], [18.022649, 59.324783], [18.022986, 59.324725], [18.023125, 59.324666], [18.023494, 59.324627], [18.023761, 59.324669], [18.02404, 59.324812], [18.024155, 59.324939], [18.024206, 59.325487], [18.024314, 59.325497], [18.024269, 59.325673], [18.024174, 59.325737], [18.024022, 59.325763], [18.023831, 59.325877], [18.023564, 59.325932], [18.023545, 59.325991], [18.023647, 59.326065], [18.023901, 59.32613], [18.024282, 59.326156], [18.024365, 59.326124], [18.024486, 59.326117], [18.024657, 59.326039], [18.024905, 59.326091], [18.025051, 59.32599], [18.02575, 59.326234], [18.025585, 59.326468], [18.025693, 59.326513], [18.025712, 59.326562], [18.026297, 59.326818], [18.02643, 59.326993], [18.026418, 59.327088], [18.026685, 59.327263], [18.026812, 59.327246], [18.027015, 59.327341], [18.026971, 59.327406], [18.027288, 59.327522], [18.02739, 59.327503], [18.027435, 59.327555], [18.027377, 59.32762], [18.02793, 59.327931], [18.028172, 59.328162], [18.028172, 59.328217], [18.02849, 59.328324], [18.028553, 59.328311], [18.028738, 59.328327], [18.02896, 59.328278], [18.0291, 59.328214], [18.02957, 59.328129], [18.030268, 59.328051], [18.030395, 59.327979], [18.031031, 59.327918], [18.031158, 59.32795], [18.031895, 59.327791], [18.032339, 59.327781], [18.033267, 59.32757], [18.034023, 59.327595], [18.034105, 59.327436], [18.034531, 59.327401], [18.03469, 59.327446], [18.034861, 59.32742], [18.034893, 59.327391], [18.035896, 59.327173], [18.036087, 59.327179], [18.037592, 59.326952], [18.037815, 59.326893], [18.038158, 59.326864], [18.039104, 59.326685], [18.039326, 59.326601], [18.03958, 59.326617], [18.040419, 59.326542], [18.040527, 59.326506], [18.040526, 59.326253], [18.042329, 59.326238], [18.041284, 59.326262], [18.042766, 59.328989], [18.043064, 59.329105], [18.043473, 59.329829], [18.043389, 59.330009], [18.044214, 59.33149], [18.044499, 59.331645], [18.045054, 59.332723], [18.043484, 59.332928], [18.043178, 59.332968], [18.041197, 59.333227], [18.04089, 59.333267], [18.03948, 59.333451], [18.039237, 59.333483], [18.038336, 59.3336], [18.03803, 59.33364], [18.035701, 59.333945], [18.035394, 59.333985], [18.034478, 59.334104], [18.034274, 59.334131], [18.032697, 59.334337], [18.032185, 59.334404], [18.032309, 59.33461], [18.032962, 59.335418], [18.033142, 59.335501], [18.034113, 59.336699], [18.034337, 59.336976], [18.032355, 59.337306], [18.028523, 59.33794], [18.024196, 59.338795], [18.023237, 59.338954], [18.022576, 59.339009], [18.021985, 59.339003], [18.02093, 59.338971], [18.019532, 59.339052], [18.019398, 59.339124], [18.018108, 59.33927], [18.017581, 59.339786], [18.015827, 59.340101], [18.015452, 59.340221], [18.014938, 59.3404], [18.013145, 59.340653], [18.013177, 59.340722], [18.012758, 59.340774], [18.012739, 59.340702], [18.011773, 59.340816], [18.011239, 59.340855], [18.010642, 59.340793], [18.010336, 59.340683], [18.01007, 59.340735], [18.009726, 59.340748], [18.009733, 59.340793], [18.009148, 59.340875], [18.008849, 59.3408], [18.008563, 59.340891], [18.008284, 59.340914], [18.008004, 59.340764], [18.007585, 59.340761], [18.007298, 59.340677], [18.006707, 59.340641], [18.006275, 59.340716], [18.005989, 59.34055], [18.005322, 59.340362], [18.005068, 59.340183], [18.004782, 59.340096], [18.003383, 59.339388], [18.003542, 59.3393], [18.00149, 59.338495], [18.001274, 59.338609], [18.000988, 59.338492], [18.001178, 59.338369], [17.998979, 59.337547], [17.999068, 59.337473], [17.996901, 59.336671], [17.997054, 59.336456], [17.99645, 59.336382], [17.995967, 59.336171], [17.99577, 59.335973], [17.99598, 59.335762], [17.995942, 59.335599], [17.996203, 59.335314], [17.996196, 59.335242], [17.99645, 59.335067], [17.996311, 59.334716], [17.996609, 59.334557], [17.996628, 59.334213], [17.996991, 59.333982], [17.996959, 59.333888], [17.996641, 59.333762], [17.996807, 59.333116], [17.99701, 59.332989], [17.998312, 59.332726], [17.998617, 59.332612], [17.998605, 59.332476], [17.998509, 59.332362], [17.997709, 59.33233], [17.996228, 59.332395], [17.995904, 59.332382], [17.995809, 59.33233], [17.995809, 59.332151], [17.996311, 59.332022], [17.996317, 59.331736], [17.996559, 59.331661], [17.996641, 59.33159], [17.99661, 59.331486], [17.996508, 59.33144], [17.996247, 59.331434], [17.996101, 59.331343], [17.996057, 59.330921], [17.995714, 59.3307]]], [[[17.948243, 59.398827], [17.948136, 59.398662], [17.948566, 59.398627], [17.948828, 59.398599], [17.949022, 59.398551], [17.949159, 59.398496], [17.949291, 59.398415], [17.9494, 59.398287], [17.949467, 59.398029], [17.949704, 59.39716], [17.949691, 59.397119], [17.949637, 59.397079], [17.949676, 59.396947], [17.949721, 59.396947], [17.950044, 59.396983], [17.950028, 59.397027], [17.950003, 59.397074], [17.949991, 59.397106], [17.949914, 59.397127], [17.949879, 59.397146], [17.949858, 59.397173], [17.949619, 59.398081], [17.949573, 59.398258], [17.94952, 59.398361], [17.949434, 59.398447], [17.949325, 59.398525], [17.949217, 59.398578], [17.949076, 59.398629], [17.948844, 59.398684], [17.948364, 59.398731], [17.948296, 59.39875], [17.948256, 59.398785], [17.948243, 59.398827]]], [[[17.945346, 59.406489], [17.944964, 59.406362], [17.947496, 59.404655], [17.948434, 59.403941], [17.948666, 59.403816], [17.949222, 59.403388], [17.951123, 59.401878], [17.95285, 59.40053], [17.953266, 59.400655], [17.951637, 59.40193], [17.949811, 59.403363], [17.948881, 59.404102], [17.945346, 59.406489]]], [[[17.943967, 59.40166], [17.943894, 59.401637], [17.944321, 59.401307], [17.944926, 59.40151], [17.944875, 59.40155], [17.944894, 59.401559], [17.944908, 59.401572], [17.944916, 59.401587], [17.944917, 59.4016], [17.944909, 59.401613], [17.944902, 59.401621], [17.944906, 59.401625], [17.944968, 59.401646], [17.944901, 59.401699], [17.94487, 59.401724], [17.944835, 59.401751], [17.94477, 59.401801], [17.94474, 59.40179], [17.944709, 59.401779], [17.944699, 59.401777], [17.944531, 59.401908], [17.943901, 59.401707], [17.943967, 59.40166]]], [[[17.942424, 59.403874], [17.942003, 59.40373], [17.942563, 59.403298], [17.943086, 59.402895], [17.943511, 59.40302], [17.943047, 59.403377], [17.943052, 59.403397], [17.943049, 59.40341], [17.943007, 59.403441], [17.942509, 59.403821], [17.942424, 59.403874]]]]}, "geometry_name": "GEOMETRY", "properties": {"DISTRICT_ID": 132481, "DISTRICT_NAME": "Taxa 3", "DIVISION_ID": 14, "TAXA": "20 kr/tim vardagar 7-19, 15 kr/tim dag före helgdag 11-17, Boende: 1100 kr/månad eller 75 kr/dygn", "FID": 3}, "bbox": [17.942003, 59.297678, 18.143141, 59.406489]}, {"type": "Feature", "id": "LTFR_TAXA_VIEW.4", "geometry": {"type": "MultiPolygon", "coordinates": [[[[18.037712, 59.280909], [18.037201, 59.280695], [18.037874, 59.279746], [18.039175, 59.27806], [18.039942, 59.277004], [18.040918, 59.275948], [18.042614, 59.274784], [18.043334, 59.274404], [18.045123, 59.27368], [18.047493, 59.27298], [18.049212, 59.27241], [18.050119, 59.272184], [18.050444, 59.272042], [18.051478, 59.273398], [18.052245, 59.273855], [18.053058, 59.274152], [18.053917, 59.274277], [18.055184, 59.274401], [18.055869, 59.274443], [18.056845, 59.273754], [18.05767, 59.273321], [18.057937, 59.273113], [18.058146, 59.273078], [18.05796, 59.27287], [18.057077, 59.272502], [18.057054, 59.272164], [18.05717, 59.271772], [18.057832, 59.271362], [18.058343, 59.271083], [18.059052, 59.270929], [18.059505, 59.270454], [18.060853, 59.270804], [18.061863, 59.271018], [18.062944, 59.271178], [18.06414, 59.271386], [18.064582, 59.271071], [18.065674, 59.270294], [18.066185, 59.269926], [18.066127, 59.26954], [18.066057, 59.268234], [18.065383, 59.268056], [18.064013, 59.267723], [18.063978, 59.266969], [18.06385, 59.265058], [18.06421, 59.265224], [18.064524, 59.265289], [18.065616, 59.265657], [18.066231, 59.265752], [18.066998, 59.26574], [18.067207, 59.265681], [18.067358, 59.265473], [18.067887, 59.264667], [18.06888, 59.265438], [18.070657, 59.265794], [18.072435, 59.267462], [18.077442, 59.26786], [18.079475, 59.265444], [18.080241, 59.265604], [18.080915, 59.264785], [18.081241, 59.264476], [18.081798, 59.264238], [18.081996, 59.264161], [18.08174, 59.265841], [18.081856, 59.266732], [18.082321, 59.268133], [18.082553, 59.268525], [18.083111, 59.269481], [18.083773, 59.270139], [18.084586, 59.270715], [18.085794, 59.271404], [18.087549, 59.272276], [18.089221, 59.273131], [18.093427, 59.275102], [18.093659, 59.274122], [18.094147, 59.272235], [18.094449, 59.271677], [18.094844, 59.271214], [18.095471, 59.269837], [18.096494, 59.268068], [18.097418, 59.266314], [18.101535, 59.266857], [18.103696, 59.267248], [18.109458, 59.265052], [18.110062, 59.265171], [18.110876, 59.265004], [18.111526, 59.264696], [18.112153, 59.264945], [18.113083, 59.264921], [18.113524, 59.264719], [18.115081, 59.264506], [18.114941, 59.264933], [18.11522, 59.265135], [18.114941, 59.265361], [18.115081, 59.265503], [18.115801, 59.265835], [18.115708, 59.266014], [18.116893, 59.266263], [18.117846, 59.266334], [18.118589, 59.266429], [18.118845, 59.266584], [18.122283, 59.264482], [18.123817, 59.263781], [18.124096, 59.263401], [18.124584, 59.263544], [18.127395, 59.262701], [18.126349, 59.262261], [18.126744, 59.26219], [18.12693, 59.261893], [18.126535, 59.261442], [18.126535, 59.261074], [18.128208, 59.259957], [18.129347, 59.25928], [18.129742, 59.258817], [18.131345, 59.2601], [18.133157, 59.258497], [18.133715, 59.258544], [18.135271, 59.257867], [18.137525, 59.257535], [18.139087, 59.256751], [18.146516, 59.26314], [18.144983, 59.263651], [18.146819, 59.264007], [18.147585, 59.264256], [18.147771, 59.264256], [18.149723, 59.265764], [18.149769, 59.268246], [18.149955, 59.268733], [18.14963, 59.269576], [18.150397, 59.27024], [18.150304, 59.271273], [18.143752, 59.270335], [18.139249, 59.269908], [18.143646, 59.270341], [18.150208, 59.271298], [18.150964, 59.272525], [18.15207, 59.273786], [18.142952, 59.279635], [18.135361, 59.282917], [18.13049, 59.28512], [18.123555, 59.281747], [18.122933, 59.281474], [18.12229, 59.281254], [18.119283, 59.280411], [18.118944, 59.280316], [18.117682, 59.279961], [18.116364, 59.279614], [18.115853, 59.279535], [18.115613, 59.279516], [18.11569, 59.278254], [18.115738, 59.277132], [18.115913, 59.275654], [18.113827, 59.276236], [18.110876, 59.275914], [18.109896, 59.274086], [18.110852, 59.275915], [18.110295, 59.275844], [18.110062, 59.276781], [18.108389, 59.277327], [18.106182, 59.27804], [18.104765, 59.278348], [18.101117, 59.278882], [18.099561, 59.279511], [18.095402, 59.279393], [18.095169, 59.278609], [18.094867, 59.276734], [18.093915, 59.275535], [18.089384, 59.275677], [18.089407, 59.276497], [18.087177, 59.276639], [18.085829, 59.276817], [18.08332, 59.27677], [18.074747, 59.278859], [18.077883, 59.275772], [18.07542, 59.275271], [18.073817, 59.275585], [18.072272, 59.2765], [18.071064, 59.276369], [18.070716, 59.27625], [18.070239, 59.276031], [18.069775, 59.275995], [18.069786, 59.277835], [18.0701, 59.278322], [18.069507, 59.278411], [18.069089, 59.278369], [18.068717, 59.278191], [18.067695, 59.278304], [18.063327, 59.279004], [18.063165, 59.278779], [18.063327, 59.276072], [18.061619, 59.275633], [18.059017, 59.275034], [18.058712, 59.275195], [18.057225, 59.274979], [18.056002, 59.274845], [18.055213, 59.274763], [18.05471, 59.274734], [18.053807, 59.274763], [18.053372, 59.274816], [18.052515, 59.275008], [18.052206, 59.275084], [18.05176, 59.27533], [18.050732, 59.27592], [18.049257, 59.276796], [18.048628, 59.277181], [18.047496, 59.277853], [18.046604, 59.278396], [18.048811, 59.27922], [18.048525, 59.279342], [18.04785, 59.279798], [18.047439, 59.280277], [18.047107, 59.28075], [18.046753, 59.281521], [18.046559, 59.281941], [18.043869, 59.283211], [18.042033, 59.282606], [18.040428, 59.282026], [18.039431, 59.281645], [18.037712, 59.280909]], [[18.116233, 59.270035], [18.12086, 59.272292], [18.127037, 59.271804], [18.132746, 59.270683], [18.126977, 59.271784], [18.120919, 59.272273], [18.116233, 59.270035]], [[18.110394, 59.272271], [18.110712, 59.272019], [18.110411, 59.272211], [18.110394, 59.272271]]], [[[17.98749, 59.265109], [17.986149, 59.262293], [17.987839, 59.262073], [17.989586, 59.261739], [17.992214, 59.261142], [17.998518, 59.259839], [17.998412, 59.260404], [17.998032, 59.26236], [17.997607, 59.264332], [17.998275, 59.264511], [17.999794, 59.264992], [18.001526, 59.265792], [18.004336, 59.267119], [18.006766, 59.268354], [18.009197, 59.269922], [18.009394, 59.270185], [18.009834, 59.27048], [18.01026, 59.270682], [18.012432, 59.272203], [18.01345, 59.271916], [18.0143, 59.272188], [18.013435, 59.272817], [18.015242, 59.274105], [18.017533, 59.274935], [18.018341, 59.275417], [18.021531, 59.277737], [18.019957, 59.282564], [18.018083, 59.282703], [18.017027, 59.281667], [18.016321, 59.281186], [18.015455, 59.280783], [18.013875, 59.280049], [18.012637, 59.279487], [18.01111, 59.2788], [18.009561, 59.278125], [18.008794, 59.277671], [18.008046, 59.277209], [18.007153, 59.277706], [18.006409, 59.278113], [18.006007, 59.278311], [18.004738, 59.278885], [18.003956, 59.279254], [18.003371, 59.279374], [18.002999, 59.279044], [18.002072, 59.278218], [18.001229, 59.277508], [18.000462, 59.276464], [18.000234, 59.276293], [17.999202, 59.276053], [17.998943, 59.275929], [17.995753, 59.274493], [17.995677, 59.273926], [17.99387, 59.273143], [17.99305, 59.273042], [17.992366, 59.272941], [17.991333, 59.272729], [17.992032, 59.272304], [17.990407, 59.271505], [17.990239, 59.27114], [17.989814, 59.270178], [17.988736, 59.267865], [17.98749, 59.265109]]], [[[17.959706, 59.295132], [17.959706, 59.294719], [17.959865, 59.29423], [17.960298, 59.293904], [17.960492, 59.293782], [17.960913, 59.293555], [17.960879, 59.293334], [17.961107, 59.293294], [17.961335, 59.293538], [17.960515, 59.294009], [17.960116, 59.294341], [17.959979, 59.294829], [17.960002, 59.295097], [17.96007, 59.295748], [17.960366, 59.296353], [17.960116, 59.296452], [17.959899, 59.296208], [17.959763, 59.29583], [17.959706, 59.295132]]], [[[17.938337, 59.302126], [17.939462, 59.300579], [17.939948, 59.30042], [17.940413, 59.300227], [17.940953, 59.299952], [17.941224, 59.299787], [17.941612, 59.299511], [17.941913, 59.299199], [17.942186, 59.298802], [17.94239, 59.298395], [17.942525, 59.29798], [17.94259, 59.297407], [17.942562, 59.297241], [17.942269, 59.296573], [17.942646, 59.29655], [17.942929, 59.296507], [17.943183, 59.296431], [17.943419, 59.296307], [17.943573, 59.296166], [17.94364, 59.296041], [17.943722, 59.295611], [17.943814, 59.295428], [17.944013, 59.295231], [17.94543, 59.294505], [17.945689, 59.294367], [17.945979, 59.29415], [17.946196, 59.293886], [17.946311, 59.293559], [17.947076, 59.289871], [17.947229, 59.289507], [17.947491, 59.28899], [17.94794, 59.288448], [17.948486, 59.287825], [17.948484, 59.287825], [17.948006, 59.287714], [17.948359, 59.287336], [17.947083, 59.287033], [17.946741, 59.286847], [17.946627, 59.286638], [17.946661, 59.28644], [17.946992, 59.286201], [17.947413, 59.28605], [17.947915, 59.285992], [17.948382, 59.285986], [17.949965, 59.28612], [17.949885, 59.285451], [17.949384, 59.285102], [17.950273, 59.284712], [17.951925, 59.283845], [17.95295, 59.283263], [17.956185, 59.282256], [17.956539, 59.281011], [17.956675, 59.280533], [17.956876, 59.279742], [17.958213, 59.280109], [17.958623, 59.280114], [17.959091, 59.280237], [17.959125, 59.280347], [17.963078, 59.281401], [17.96203, 59.281715], [17.961893, 59.28182], [17.962292, 59.282192], [17.96416, 59.281668], [17.964217, 59.281686], [17.964787, 59.281505], [17.966803, 59.282367], [17.969492, 59.283082], [17.970791, 59.283437], [17.97316, 59.283676], [17.973548, 59.283711], [17.974732, 59.284264], [17.977045, 59.285509], [17.978697, 59.286417], [17.980098, 59.28715], [17.981158, 59.287679], [17.981613, 59.287877], [17.981995, 59.288185], [17.982001, 59.288278], [17.982138, 59.288281], [17.982753, 59.28882], [17.982793, 59.289113], [17.982778, 59.289121], [17.983787, 59.289109], [17.985097, 59.2891], [17.985615, 59.289115], [17.98613, 59.289144], [17.986812, 59.289204], [17.987149, 59.289244], [17.98765, 59.289313], [17.988149, 59.289398], [17.988464, 59.289459], [17.991716, 59.290182], [17.992072, 59.290261], [17.99408, 59.290707], [17.994618, 59.290872], [17.995279, 59.291104], [17.995723, 59.291282], [17.996165, 59.291478], [17.996865, 59.291836], [17.99724, 59.292056], [17.998509, 59.292898], [17.999409, 59.293471], [17.999549, 59.293586], [18.00023, 59.294304], [18.000988, 59.294918], [18.001929, 59.295692], [18.00164, 59.295828], [18.001344, 59.295962], [18.000309, 59.296391], [17.998332, 59.297151], [17.997845, 59.297352], [17.996604, 59.297846], [17.996497, 59.29789], [17.996329, 59.298001], [17.996297, 59.298034], [17.996229, 59.298149], [17.996115, 59.298405], [17.995311, 59.300086], [17.994995, 59.300347], [17.994946, 59.300432], [17.994396, 59.300766], [17.99387, 59.300938], [17.993137, 59.30087], [17.99045, 59.301067], [17.990408, 59.301213], [17.990396, 59.301246], [17.990311, 59.301516], [17.990295, 59.301565], [17.989911, 59.30154], [17.989881, 59.301688], [17.990234, 59.301716], [17.990232, 59.301721], [17.99023, 59.301724], [17.990228, 59.301728], [17.990157, 59.301864], [17.990057, 59.302014], [17.989919, 59.302157], [17.989787, 59.302257], [17.989619, 59.302348], [17.98943, 59.302427], [17.988256, 59.30354], [17.983025, 59.304333], [17.98233, 59.304301], [17.982216, 59.304867], [17.981381, 59.306375], [17.980627, 59.306403], [17.979436, 59.307136], [17.979845, 59.307296], [17.980204, 59.308072], [17.980737, 59.308161], [17.980719, 59.30888], [17.979912, 59.308956], [17.979311, 59.308956], [17.978449, 59.308556], [17.977149, 59.307766], [17.976564, 59.307841], [17.972987, 59.307799], [17.971263, 59.308422], [17.970629, 59.30843], [17.970694, 59.30868], [17.971068, 59.308738], [17.970938, 59.309104], [17.97071, 59.309153], [17.968287, 59.309652], [17.968043, 59.309668], [17.96606, 59.309202], [17.965459, 59.308961], [17.965394, 59.308811], [17.964094, 59.308445], [17.963443, 59.308378], [17.961835, 59.307763], [17.96151, 59.30758], [17.961363, 59.308004], [17.960469, 59.308236], [17.958355, 59.30797], [17.957965, 59.30792], [17.956226, 59.307379], [17.955966, 59.307287], [17.956423, 59.305941], [17.956407, 59.305791], [17.955107, 59.30545], [17.952963, 59.304468], [17.951679, 59.304135], [17.950412, 59.303619], [17.950038, 59.303528], [17.948364, 59.303402], [17.945828, 59.303227], [17.944235, 59.303467], [17.942414, 59.303774], [17.941438, 59.303857], [17.941276, 59.303865], [17.941049, 59.303565], [17.940269, 59.303357], [17.940042, 59.302717], [17.93962, 59.302409], [17.938337, 59.302126]], [[17.951943, 59.288565], [17.950398, 59.288238], [17.950061, 59.288165], [17.951247, 59.288428], [17.951943, 59.288565]], [[17.956736, 59.289223], [17.955411, 59.289076], [17.953861, 59.288878], [17.952016, 59.288579], [17.952278, 59.28863], [17.95421, 59.288942], [17.955103, 59.289061], [17.956736, 59.289223]], [[17.961131, 59.289421], [17.95958, 59.289396], [17.95745, 59.289268], [17.957218, 59.289268], [17.959665, 59.289404], [17.961131, 59.289421]], [[17.976872, 59.289203], [17.974892, 59.289227], [17.972317, 59.289268], [17.96964, 59.289303], [17.966211, 59.289367], [17.962884, 59.289401], [17.962207, 59.289431], [17.976872, 59.289203]], [[17.94716, 59.293569], [17.947319, 59.293643], [17.947529, 59.294047], [17.947624, 59.294127], [17.947658, 59.295122], [17.94811, 59.295774], [17.948065, 59.295896], [17.9485, 59.29696], [17.951466, 59.296544], [17.953556, 59.296009], [17.952707, 59.295123], [17.954287, 59.294687], [17.952738, 59.293075], [17.950584, 59.291357], [17.948847, 59.291395], [17.94716, 59.293569]], [[17.95212, 59.291917], [17.953749, 59.293233], [17.953827, 59.293319], [17.95444, 59.293991], [17.954733, 59.294331], [17.954857, 59.294474], [17.955869, 59.295646], [17.956187, 59.296253], [17.957597, 59.295935], [17.958255, 59.29598], [17.958264, 59.295992], [17.958407, 59.296372], [17.958523, 59.296674], [17.95896, 59.297016], [17.963561, 59.294868], [17.958256, 59.290986], [17.958026, 59.290936], [17.955925, 59.290481], [17.9556, 59.290411], [17.954086, 59.290758], [17.95212, 59.291917]]], [[[17.900306, 59.334624], [17.900309, 59.333417], [17.900579, 59.333202], [17.90062, 59.333058], [17.900449, 59.333022], [17.900621, 59.332816], [17.900944, 59.332677], [17.900964, 59.332558], [17.901348, 59.332388], [17.901772, 59.332435], [17.901963, 59.332332], [17.901954, 59.33226], [17.902146, 59.332173], [17.902125, 59.332111], [17.902348, 59.332018], [17.90263, 59.331977], [17.902842, 59.331874], [17.902802, 59.331787], [17.903044, 59.331679], [17.90355, 59.331421], [17.903954, 59.331112], [17.904348, 59.330989], [17.904408, 59.33086], [17.904742, 59.330706], [17.904712, 59.33052], [17.904954, 59.33051], [17.905085, 59.330454], [17.905348, 59.330351], [17.90553, 59.330258], [17.905661, 59.330114], [17.905651, 59.330021], [17.906015, 59.32965], [17.907035, 59.329208], [17.907358, 59.329188], [17.908448, 59.328724], [17.908589, 59.32873], [17.9087, 59.328797], [17.910042, 59.328617], [17.910193, 59.328617], [17.910274, 59.328571], [17.910607, 59.328535], [17.911263, 59.328397], [17.911424, 59.328397], [17.911697, 59.32834], [17.911756, 59.328261], [17.913519, 59.328718], [17.916796, 59.32959], [17.919209, 59.330602], [17.919648, 59.330787], [17.920886, 59.331315], [17.92178, 59.331804], [17.924563, 59.333061], [17.930102, 59.335498], [17.933016, 59.333802], [17.934745, 59.332785], [17.935241, 59.332213], [17.936222, 59.331099], [17.93672, 59.330536], [17.938196, 59.328866], [17.938637, 59.328887], [17.939861, 59.328923], [17.941598, 59.32897], [17.942559, 59.328998], [17.944106, 59.329034], [17.944137, 59.329034], [17.945592, 59.329072], [17.945897, 59.32907], [17.947762, 59.329127], [17.950506, 59.329039], [17.951697, 59.328996], [17.951887, 59.32894], [17.951969, 59.328923], [17.952187, 59.328939], [17.952251, 59.32897], [17.952786, 59.328961], [17.953453, 59.32893], [17.954112, 59.328842], [17.954993, 59.328679], [17.955965, 59.328491], [17.956394, 59.328491], [17.957189, 59.32837], [17.9575, 59.328347], [17.958792, 59.328248], [17.960693, 59.328097], [17.96177, 59.328017], [17.961983, 59.32801], [17.962339, 59.328], [17.962544, 59.327998], [17.962734, 59.327998], [17.962765, 59.327996], [17.96278, 59.327994], [17.963438, 59.327921], [17.963519, 59.328093], [17.963615, 59.328251], [17.963615, 59.328252], [17.963403, 59.327846], [17.966456, 59.327376], [17.967367, 59.327181], [17.967709, 59.326908], [17.968392, 59.326417], [17.96877, 59.326208], [17.969505, 59.325894], [17.969579, 59.326085], [17.970245, 59.326481], [17.970718, 59.326922], [17.970826, 59.327379], [17.971094, 59.327338], [17.972313, 59.32714], [17.97225, 59.326812], [17.97249, 59.326795], [17.973407, 59.326777], [17.973389, 59.326825], [17.97342, 59.326757], [17.97353, 59.326549], [17.97362, 59.326343], [17.973632, 59.326208], [17.973152, 59.326212], [17.97312, 59.325697], [17.973121, 59.325302], [17.97332, 59.325161], [17.973489, 59.325159], [17.973473, 59.325027], [17.973463, 59.324809], [17.973567, 59.324509], [17.973766, 59.324078], [17.973932, 59.324074], [17.974067, 59.324051], [17.976248, 59.323924], [17.97841, 59.323793], [17.980552, 59.323676], [17.980677, 59.323872], [17.981231, 59.324034], [17.981517, 59.323974], [17.981917, 59.323828], [17.982424, 59.323802], [17.98265, 59.323988], [17.982629, 59.324118], [17.983065, 59.324331], [17.983515, 59.324642], [17.983781, 59.32497], [17.983863, 59.325137], [17.984632, 59.325535], [17.984657, 59.325666], [17.984852, 59.325831], [17.984744, 59.326198], [17.984529, 59.326418], [17.984329, 59.326493], [17.984303, 59.326598], [17.984477, 59.326727], [17.984334, 59.326768], [17.984359, 59.326881], [17.984575, 59.327025], [17.984856, 59.32724], [17.984959, 59.327567], [17.985189, 59.327756], [17.985189, 59.327968], [17.985071, 59.328059], [17.985112, 59.328227], [17.985512, 59.328575], [17.985742, 59.329046], [17.985691, 59.329298], [17.985614, 59.329489], [17.98566, 59.329845], [17.985434, 59.330722], [17.985377, 59.330947], [17.985147, 59.331136], [17.985147, 59.331188], [17.985551, 59.331298], [17.985715, 59.331372], [17.985792, 59.331555], [17.98593, 59.331633], [17.986028, 59.331589], [17.986079, 59.331505], [17.986469, 59.331366], [17.986699, 59.33139], [17.986781, 59.331531], [17.986673, 59.331614], [17.986825, 59.331711], [17.990211, 59.331834], [17.99023, 59.331956], [17.990479, 59.332097], [17.990992, 59.332208], [17.991691, 59.332512], [17.992035, 59.332764], [17.991453, 59.332998], [17.990564, 59.332605], [17.989915, 59.332458], [17.989313, 59.332414], [17.987861, 59.332258], [17.987487, 59.332277], [17.987199, 59.332277], [17.987151, 59.332281], [17.985956, 59.33238], [17.985078, 59.332097], [17.984766, 59.332133], [17.983935, 59.332333], [17.983535, 59.332426], [17.983104, 59.332503], [17.982666, 59.332562], [17.982113, 59.332618], [17.979488, 59.332889], [17.978155, 59.333027], [17.977547, 59.333089], [17.977157, 59.333136], [17.976943, 59.33319], [17.975901, 59.333063], [17.970222, 59.334167], [17.969366, 59.334308], [17.968396, 59.334484], [17.968481, 59.334682], [17.968643, 59.335098], [17.962243, 59.340491], [17.961701, 59.341425], [17.96448, 59.341507], [17.965451, 59.341441], [17.96621, 59.341532], [17.969768, 59.341949], [17.972056, 59.342638], [17.972157, 59.343196], [17.972818, 59.343326], [17.973326, 59.343988], [17.974114, 59.343975], [17.975182, 59.344209], [17.975766, 59.344651], [17.976554, 59.344664], [17.977469, 59.344937], [17.978461, 59.345612], [17.977697, 59.34743], [17.975865, 59.348339], [17.974339, 59.348676], [17.973627, 59.349455], [17.972915, 59.349819], [17.972609, 59.35013], [17.971566, 59.350182], [17.970447, 59.350494], [17.970193, 59.350766], [17.968387, 59.351727], [17.967344, 59.351791], [17.967318, 59.352129], [17.96658, 59.352609], [17.965741, 59.352804], [17.965105, 59.353284], [17.965231, 59.353583], [17.963931, 59.356556], [17.963269, 59.357738], [17.962597, 59.358805], [17.961836, 59.359273], [17.961244, 59.359667], [17.960712, 59.360207], [17.960723, 59.360256], [17.95998, 59.361268], [17.95905, 59.361897], [17.957991, 59.362477], [17.95698, 59.362998], [17.954034, 59.364269], [17.953937, 59.364313], [17.953366, 59.364556], [17.953048, 59.364684], [17.952743, 59.364843], [17.951959, 59.365299], [17.951045, 59.365595], [17.951349, 59.366153], [17.950009, 59.3665], [17.949951, 59.366507], [17.948763, 59.366805], [17.948451, 59.366904], [17.948313, 59.366936], [17.948365, 59.366991], [17.946935, 59.367377], [17.94482, 59.367935], [17.944891, 59.367704], [17.944892, 59.367703], [17.944897, 59.36734], [17.944869, 59.367077], [17.944799, 59.366799], [17.944244, 59.365414], [17.94365, 59.36394], [17.943519, 59.363513], [17.943484, 59.363269], [17.943462, 59.362581], [17.943592, 59.362135], [17.94376, 59.361899], [17.94416, 59.36154], [17.944285, 59.361309], [17.942555, 59.354985], [17.940262, 59.352722], [17.938474, 59.349412], [17.933184, 59.345978], [17.929747, 59.346293], [17.925591, 59.344496], [17.924528, 59.343414], [17.92371, 59.342582], [17.917691, 59.340048], [17.900306, 59.334624]], [[17.964234, 59.328578], [17.96401, 59.328462], [17.964172, 59.328549], [17.964234, 59.328578]], [[17.964838, 59.328762], [17.964543, 59.328689], [17.964435, 59.328659], [17.964465, 59.328669], [17.96467, 59.328724], [17.964838, 59.328762]], [[17.965181, 59.32873], [17.965176, 59.32873], [17.965136, 59.328805], [17.964868, 59.328768], [17.965146, 59.328809], [17.965181, 59.32873]], [[17.969251, 59.328431], [17.969009, 59.328486], [17.968354, 59.328686], [17.967813, 59.328834], [17.967397, 59.328951], [17.966587, 59.328873], [17.967384, 59.328956], [17.968473, 59.328657], [17.968977, 59.328504], [17.969251, 59.328431]], [[17.972714, 59.328241], [17.972364, 59.328349], [17.972165, 59.32843], [17.972193, 59.328423], [17.972383, 59.328345], [17.972714, 59.328241]], [[17.973221, 59.327342], [17.973139, 59.327454], [17.973281, 59.32782], [17.973337, 59.328043], [17.973339, 59.328042], [17.973304, 59.327887], [17.973268, 59.327739], [17.97316, 59.327453], [17.973221, 59.327342]], [[17.973293, 59.327079], [17.973253, 59.327187], [17.973257, 59.327263], [17.973282, 59.327116], [17.973293, 59.327079]], [[17.972165, 59.32843], [17.971908, 59.328494], [17.971732, 59.328439], [17.970261, 59.328385], [17.970951, 59.328413], [17.97172, 59.328448], [17.971918, 59.328497], [17.972165, 59.32843]]], [[[17.859748, 59.366112], [17.860056, 59.36585], [17.860755, 59.365245], [17.861636, 59.36451], [17.862664, 59.363792], [17.863597, 59.363257], [17.864955, 59.362581], [17.868857, 59.360717], [17.872275, 59.358849], [17.877064, 59.356194], [17.879577, 59.354794], [17.881761, 59.353605], [17.881316, 59.35234], [17.87884, 59.35251], [17.879402, 59.352218], [17.880685, 59.351905], [17.881597, 59.351753], [17.882011, 59.351537], [17.881311, 59.35138], [17.878808, 59.351375], [17.877886, 59.351564], [17.876147, 59.35198], [17.874906, 59.352051], [17.873082, 59.350424], [17.871513, 59.349023], [17.869074, 59.346888], [17.869763, 59.345839], [17.870368, 59.345153], [17.871354, 59.343888], [17.870612, 59.342995], [17.872064, 59.341584], [17.873167, 59.340968], [17.875415, 59.340205], [17.876772, 59.340016], [17.879402, 59.339843], [17.880664, 59.339751], [17.881841, 59.33947], [17.88236, 59.339281], [17.882, 59.338605], [17.882466, 59.338178], [17.882138, 59.337994], [17.882424, 59.337788], [17.883983, 59.337367], [17.885393, 59.337161], [17.886146, 59.336918], [17.88779, 59.336956], [17.887896, 59.337345], [17.8885, 59.337448], [17.889168, 59.33748], [17.889168, 59.337691], [17.888786, 59.338275], [17.888341, 59.338616], [17.887832, 59.339124], [17.887302, 59.339773], [17.886878, 59.340643], [17.88692, 59.340887], [17.887026, 59.34113], [17.887185, 59.341244], [17.888192, 59.342006], [17.888744, 59.342444], [17.889529, 59.343071], [17.890504, 59.343969], [17.891172, 59.344601], [17.891999, 59.345353], [17.892826, 59.34611], [17.89307, 59.346331], [17.893961, 59.346904], [17.893515, 59.347066], [17.89272, 59.347515], [17.891564, 59.348153], [17.889963, 59.349045], [17.888044, 59.350088], [17.885049, 59.35176], [17.886199, 59.352315], [17.886878, 59.352645], [17.887249, 59.352824], [17.887535, 59.353034], [17.887768, 59.353272], [17.887917, 59.353526], [17.88798, 59.353807], [17.887959, 59.354126], [17.887832, 59.354505], [17.887652, 59.355067], [17.887514, 59.355461], [17.889751, 59.35712], [17.887169, 59.358036], [17.885494, 59.357739], [17.884221, 59.358771], [17.882928, 59.359787], [17.882154, 59.360641], [17.881199, 59.361809], [17.882281, 59.362079], [17.882111, 59.362322], [17.879831, 59.363159], [17.881348, 59.364656], [17.880065, 59.365034], [17.880659, 59.365758], [17.879662, 59.365872], [17.87893, 59.366337], [17.88121, 59.367914], [17.882525, 59.369486], [17.879407, 59.37061], [17.879333, 59.370156], [17.879089, 59.369384], [17.878729, 59.368773], [17.878305, 59.368519], [17.877573, 59.368244], [17.877138, 59.36812], [17.875272, 59.367871], [17.872875, 59.36766], [17.871911, 59.367801], [17.870384, 59.368087], [17.869461, 59.368536], [17.869005, 59.368789], [17.868687, 59.369103], [17.868581, 59.369432], [17.868401, 59.369854], [17.866821, 59.370832], [17.866132, 59.371156], [17.864711, 59.371566], [17.862187, 59.371091], [17.861837, 59.370389], [17.86101, 59.368844], [17.860755, 59.368265], [17.860395, 59.367428], [17.859748, 59.366112]]]]}, "geometry_name": "GEOMETRY", "properties": {"DISTRICT_ID": 132482, "DISTRICT_NAME": "Taxa 5", "DIVISION_ID": 14, "TAXA": "5 kr/tim vardagar 7-19, Boende: 300 kr/månad eller 20 kr/dygn", "FID": 4}, "bbox": [17.859748, 59.256751, 18.15207, 59.371566]}, {"type": "Feature", "id": "LTFR_TAXA_VIEW.5", "geometry": {"type": "MultiPolygon", "coordinates": [[[[18.05134, 59.37093], [18.051358, 59.370878], [18.053245, 59.370582], [18.056029, 59.370145], [18.064972, 59.368742], [18.065875, 59.3686], [18.066322, 59.36853], [18.066443, 59.368511], [18.066753, 59.368684], [18.06713, 59.368894], [18.067588, 59.369438], [18.068266, 59.371198], [18.069289, 59.372518], [18.06885, 59.372927], [18.067816, 59.373152], [18.066912, 59.373535], [18.066887, 59.37376], [18.066189, 59.374209], [18.065078, 59.374302], [18.062751, 59.37458], [18.061587, 59.374198], [18.06094, 59.373881], [18.06019, 59.373789], [18.059983, 59.373763], [18.059931, 59.373618], [18.058043, 59.373487], [18.055974, 59.373], [18.054837, 59.373858], [18.050676, 59.3751], [18.050108, 59.375272], [18.048561, 59.375801], [18.047263, 59.375587], [18.04749, 59.375362], [18.0479, 59.374962], [18.048595, 59.374385], [18.049189, 59.373946], [18.049603, 59.373602], [18.04979, 59.373425], [18.050002, 59.373263], [18.050289, 59.373021], [18.050508, 59.372803], [18.050742, 59.372532], [18.050928, 59.372244], [18.051226, 59.37127], [18.05134, 59.37093]]], [[[17.97995, 59.319538], [17.97995, 59.319061], [17.980432, 59.318417], [17.980729, 59.318239], [17.981078, 59.317925], [17.981549, 59.317689], [17.98202, 59.317381], [17.982154, 59.317197], [17.982328, 59.317087], [17.983332, 59.316726], [17.983526, 59.316747], [17.983772, 59.316752], [17.984612, 59.316574], [17.985319, 59.316674], [17.985473, 59.316815], [17.986774, 59.317219], [17.988095, 59.31735], [17.988239, 59.317397], [17.99081, 59.31767], [17.991691, 59.317738], [17.991978, 59.317717], [17.99248, 59.317806], [17.993217, 59.318068], [17.994662, 59.318335], [17.994621, 59.318413], [17.994703, 59.318487], [17.99501, 59.318497], [17.995051, 59.318659], [17.995307, 59.318759], [17.995696, 59.318775], [17.995758, 59.318858], [17.996321, 59.319089], [17.996454, 59.31933], [17.997776, 59.319466], [17.997827, 59.319953], [17.998114, 59.320246], [17.998083, 59.320409], [17.99838, 59.320592], [17.998206, 59.320733], [17.998329, 59.321058], [17.998524, 59.321205], [17.998647, 59.321435], [17.998411, 59.321938], [17.998247, 59.322069], [17.998083, 59.322299], [17.998011, 59.322639], [17.997745, 59.322943], [17.996997, 59.323472], [17.997007, 59.323786], [17.99672, 59.324095], [17.996259, 59.324347], [17.995962, 59.324399], [17.995829, 59.324582], [17.99545, 59.324713], [17.995153, 59.324917], [17.994958, 59.324964], [17.994722, 59.324985], [17.994579, 59.325116], [17.994579, 59.325252], [17.994312, 59.325441], [17.993943, 59.325567], [17.992611, 59.326216], [17.991822, 59.32654], [17.990787, 59.32686], [17.989045, 59.326598], [17.988697, 59.326294], [17.988676, 59.3261], [17.988666, 59.32599], [17.988348, 59.325807], [17.988133, 59.325844], [17.987396, 59.325702], [17.987037, 59.325493], [17.986986, 59.325252], [17.986648, 59.324922], [17.986689, 59.324754], [17.986884, 59.324597], [17.987109, 59.324603], [17.987427, 59.324498], [17.987386, 59.324262], [17.986986, 59.324199], [17.986945, 59.323602], [17.986136, 59.323414], [17.985511, 59.323183], [17.985183, 59.322979], [17.984743, 59.322691], [17.984794, 59.322576], [17.984385, 59.322293], [17.983965, 59.322178], [17.983514, 59.321905], [17.982858, 59.321779], [17.982325, 59.321664], [17.981414, 59.321046], [17.980963, 59.320847], [17.98083, 59.320632], [17.980216, 59.32013], [17.97995, 59.319538]]], [[[17.979845, 59.307296], [17.979436, 59.307136], [17.980627, 59.306403], [17.981381, 59.306375], [17.982216, 59.304867], [17.98233, 59.304301], [17.983025, 59.304333], [17.988256, 59.30354], [17.98943, 59.302427], [17.989619, 59.302348], [17.989787, 59.302257], [17.989919, 59.302157], [17.990057, 59.302014], [17.990157, 59.301864], [17.990234, 59.301716], [17.989881, 59.301688], [17.989911, 59.30154], [17.990295, 59.301565], [17.990311, 59.301516], [17.990396, 59.301246], [17.990408, 59.301213], [17.99045, 59.301067], [17.993137, 59.30087], [17.99387, 59.300938], [17.994396, 59.300766], [17.994946, 59.300432], [17.994995, 59.300347], [17.995311, 59.300086], [17.996115, 59.298405], [17.996229, 59.298149], [17.996297, 59.298034], [17.996329, 59.298001], [17.996497, 59.29789], [17.996604, 59.297846], [17.997845, 59.297352], [17.998332, 59.297151], [18.000309, 59.296391], [18.001344, 59.295962], [18.00164, 59.295828], [18.001929, 59.295692], [18.00023, 59.294304], [17.999549, 59.293586], [17.999409, 59.293471], [18.000691, 59.292851], [18.001829, 59.292231], [18.001814, 59.291995], [18.001892, 59.291757], [18.002218, 59.291727], [18.004011, 59.29125], [18.005912, 59.290735], [18.007857, 59.289631], [18.009295, 59.28918], [18.009999, 59.289159], [18.013134, 59.28908], [18.014651, 59.288806], [18.017619, 59.288366], [18.023065, 59.289025], [18.024969, 59.290197], [18.028696, 59.291013], [18.034552, 59.29207], [18.036745, 59.291734], [18.036858, 59.290276], [18.037013, 59.289728], [18.038717, 59.288478], [18.04357, 59.286119], [18.045887, 59.284906], [18.046609, 59.284976], [18.047227, 59.284786], [18.050815, 59.284329], [18.057846, 59.282389], [18.062377, 59.282005], [18.0687, 59.280038], [18.070703, 59.27993], [18.073204, 59.279198], [18.074109, 59.27913], [18.07442, 59.279312], [18.074686, 59.279144], [18.074847, 59.278854], [18.0834, 59.276759], [18.085886, 59.276825], [18.086592, 59.276724], [18.087441, 59.27664], [18.089447, 59.276533], [18.089444, 59.275646], [18.090011, 59.275624], [18.090122, 59.275604], [18.091164, 59.275565], [18.092343, 59.275555], [18.093921, 59.275543], [18.094817, 59.276656], [18.095098, 59.278177], [18.095164, 59.278626], [18.095295, 59.2791], [18.095376, 59.279405], [18.095767, 59.279418], [18.097359, 59.279468], [18.09848, 59.279499], [18.099581, 59.279534], [18.100145, 59.27923], [18.100995, 59.278912], [18.104423, 59.278421], [18.107205, 59.277773], [18.110039, 59.276807], [18.110268, 59.275857], [18.113827, 59.276236], [18.115913, 59.275654], [18.115738, 59.277132], [18.11569, 59.278254], [18.115613, 59.279516], [18.115853, 59.279535], [18.116364, 59.279614], [18.117682, 59.279961], [18.118944, 59.280316], [18.119283, 59.280411], [18.12229, 59.281254], [18.122933, 59.281474], [18.123555, 59.281747], [18.13049, 59.28512], [18.123305, 59.288368], [18.12154, 59.290398], [18.119366, 59.293834], [18.12054, 59.294122], [18.130138, 59.301266], [18.128219, 59.301222], [18.126806, 59.301064], [18.123424, 59.301459], [18.12038, 59.301221], [18.118647, 59.301329], [18.117411, 59.301264], [18.116375, 59.301155], [18.115401, 59.301319], [18.114372, 59.301429], [18.113184, 59.301557], [18.111791, 59.301781], [18.110973, 59.301822], [18.110609, 59.301962], [18.110465, 59.302041], [18.110025, 59.301932], [18.105618, 59.300773], [18.10478, 59.300825], [18.101903, 59.300775], [18.100857, 59.300706], [18.091552, 59.30051], [18.090751, 59.300447], [18.088541, 59.300136], [18.086304, 59.299577], [18.086257, 59.299494], [18.086847, 59.298533], [18.086009, 59.298479], [18.083661, 59.298414], [18.083426, 59.298433], [18.083208, 59.298485], [18.082812, 59.298776], [18.082477, 59.299185], [18.081985, 59.29911], [18.080593, 59.298897], [18.0801, 59.298801], [18.080412, 59.298128], [18.079721, 59.298012], [18.079911, 59.29773], [18.079569, 59.297678], [18.078971, 59.298568], [18.075934, 59.298059], [18.075805, 59.298254], [18.078798, 59.298756], [18.078782, 59.298945], [18.078887, 59.299262], [18.07979, 59.299319], [18.081111, 59.299437], [18.0807, 59.300888], [18.07824, 59.302659], [18.078122, 59.302641], [18.078004, 59.302624], [18.077808, 59.302407], [18.077385, 59.302372], [18.077102, 59.302341], [18.076951, 59.302161], [18.076467, 59.30196], [18.07566, 59.301821], [18.075559, 59.301734], [18.075136, 59.301662], [18.074058, 59.301698], [18.073786, 59.30175], [18.07304, 59.301776], [18.072022, 59.301725], [18.071065, 59.301906], [18.070632, 59.301927], [18.069736, 59.30217], [18.069, 59.302227], [18.067519, 59.302186], [18.066864, 59.302187], [18.065907, 59.302337], [18.06502, 59.302409], [18.064093, 59.302564], [18.063005, 59.302673], [18.062552, 59.302823], [18.061645, 59.302921], [18.0609, 59.302976], [18.059828, 59.303197], [18.057093, 59.303305], [18.05607, 59.303518], [18.055494, 59.303543], [18.05503, 59.303437], [18.054214, 59.303404], [18.053942, 59.303568], [18.052487, 59.303708], [18.051271, 59.303733], [18.050247, 59.303659], [18.048903, 59.303652], [18.048727, 59.303562], [18.048279, 59.303488], [18.047751, 59.303538], [18.046762, 59.303695], [18.046339, 59.303871], [18.046178, 59.304077], [18.045493, 59.304345], [18.044042, 59.304675], [18.043478, 59.304686], [18.04251, 59.3048], [18.042349, 59.304918], [18.041301, 59.305212], [18.040697, 59.305285], [18.039236, 59.305352], [18.038626, 59.305668], [18.034109, 59.302123], [18.028927, 59.299808], [18.026436, 59.301425], [18.025945, 59.301696], [18.02437, 59.302347], [18.023809, 59.302477], [18.023507, 59.302569], [18.022922, 59.302659], [18.02216, 59.30274], [18.021772, 59.302772], [18.020985, 59.302808], [18.020123, 59.30341], [18.019637, 59.304099], [18.02044, 59.305059], [18.021139, 59.30585], [18.02138, 59.306122], [18.022008, 59.30671], [18.022847, 59.307445], [18.02453, 59.308704], [18.019235, 59.310242], [18.021532, 59.3109], [18.023217, 59.311142], [18.0238, 59.311358], [18.024295, 59.311486], [18.024495, 59.311837], [18.024847, 59.312229], [18.024939, 59.312297], [18.025086, 59.312339], [18.025978, 59.312412], [18.026297, 59.312372], [18.027021, 59.312136], [18.027959, 59.311728], [18.028074, 59.311632], [18.028109, 59.311454], [18.028762, 59.311948], [18.031106, 59.313179], [18.028852, 59.31413], [18.025636, 59.31478], [18.025515, 59.314852], [18.022471, 59.315476], [18.022088, 59.315456], [18.020234, 59.315848], [18.01848, 59.315936], [18.017209, 59.315493], [18.017159, 59.315369], [18.016695, 59.315307], [18.016402, 59.315415], [18.016423, 59.315895], [18.016756, 59.315977], [18.016927, 59.316286], [18.016131, 59.316683], [18.015153, 59.316833], [18.014851, 59.317029], [18.01351, 59.317127], [18.011504, 59.317616], [18.011252, 59.317874], [18.009659, 59.318163], [18.009135, 59.318178], [18.00852, 59.318431], [18.006262, 59.318756], [18.00484, 59.318642], [18.003449, 59.318503], [18.003005, 59.318344], [18.002289, 59.318153], [18.000686, 59.317772], [18.000031, 59.317792], [17.999103, 59.317519], [17.997127, 59.317153], [17.99621, 59.316844], [17.995061, 59.316607], [17.994577, 59.316365], [17.993175, 59.31638], [17.992288, 59.316267], [17.991089, 59.316107], [17.988538, 59.31573], [17.988478, 59.315658], [17.987782, 59.315581], [17.985766, 59.315565], [17.984939, 59.315488], [17.984506, 59.315333], [17.984355, 59.315184], [17.984405, 59.315039], [17.984133, 59.314977], [17.984214, 59.314642], [17.984829, 59.314261], [17.985585, 59.314251], [17.986483, 59.313772], [17.98748, 59.313772], [17.987692, 59.313658], [17.987773, 59.313442], [17.98989, 59.313566], [17.992319, 59.313994], [17.992743, 59.313994], [17.993237, 59.313865], [17.993549, 59.31385], [17.993751, 59.313607], [17.993105, 59.313381], [17.99235, 59.313169], [17.991513, 59.313133], [17.987592, 59.312777], [17.987309, 59.312679], [17.986322, 59.312597], [17.9848, 59.312602], [17.984185, 59.31271], [17.98361, 59.312535], [17.981493, 59.312065], [17.980244, 59.311704], [17.980456, 59.311199], [17.981887, 59.311297], [17.983661, 59.311555], [17.984225, 59.311628], [17.984891, 59.311684], [17.985798, 59.311643], [17.986806, 59.311561], [17.987511, 59.311484], [17.987743, 59.31137], [17.987502, 59.311056], [17.987068, 59.310793], [17.986585, 59.310736], [17.985234, 59.310834], [17.98474, 59.310855], [17.984135, 59.310772], [17.983228, 59.310406], [17.982956, 59.310205], [17.982704, 59.309968], [17.982261, 59.309818], [17.982664, 59.309231], [17.982695, 59.308922], [17.982513, 59.308803], [17.982221, 59.308747], [17.98212, 59.30854], [17.981757, 59.30869], [17.980719, 59.30888], [17.980737, 59.308161], [17.980204, 59.308072], [17.979845, 59.307296]]], [[[17.985078, 59.332097], [17.985956, 59.33238], [17.987151, 59.332281], [17.987199, 59.332277], [17.987487, 59.332277], [17.987861, 59.332258], [17.989313, 59.332414], [17.989915, 59.332458], [17.990564, 59.332605], [17.991453, 59.332998], [17.992035, 59.332764], [17.992334, 59.332943], [17.992529, 59.333151], [17.992855, 59.333276], [17.99331, 59.333417], [17.993652, 59.334036], [17.993676, 59.334348], [17.993408, 59.334597], [17.992895, 59.334747], [17.992602, 59.334751], [17.992025, 59.335021], [17.992065, 59.335088], [17.99187, 59.335196], [17.991886, 59.335329], [17.991414, 59.335574], [17.991146, 59.335927], [17.991259, 59.336197], [17.991227, 59.336501], [17.991365, 59.336775], [17.991788, 59.337091], [17.99191, 59.33769], [17.992235, 59.338089], [17.992325, 59.338301], [17.992992, 59.338725], [17.993065, 59.33902], [17.99278, 59.339668], [17.992446, 59.340071], [17.992015, 59.340375], [17.991616, 59.340445], [17.9916, 59.340503], [17.990851, 59.340998], [17.990266, 59.341156], [17.989216, 59.340977], [17.988695, 59.340682], [17.988362, 59.340636], [17.988118, 59.340707], [17.986921, 59.340852], [17.986588, 59.341135], [17.986661, 59.341451], [17.986376, 59.341725], [17.985245, 59.34219], [17.984154, 59.342365], [17.983601, 59.342377], [17.980126, 59.343237], [17.977734, 59.342842], [17.977343, 59.342908], [17.976904, 59.342854], [17.976367, 59.342933], [17.975626, 59.342958], [17.974699, 59.342829], [17.974162, 59.342517], [17.973259, 59.342284], [17.97295, 59.342097], [17.972486, 59.341893], [17.972259, 59.341631], [17.972104, 59.341374], [17.972105, 59.341162], [17.971909, 59.340962], [17.971568, 59.340746], [17.970974, 59.340687], [17.970754, 59.340613], [17.969672, 59.34072], [17.968818, 59.340749], [17.967581, 59.340899], [17.966808, 59.341031], [17.966173, 59.341264], [17.965451, 59.341441], [17.96448, 59.341507], [17.961701, 59.341425], [17.962243, 59.340491], [17.968643, 59.335098], [17.968481, 59.334682], [17.968396, 59.334484], [17.969366, 59.334308], [17.970222, 59.334167], [17.975901, 59.333063], [17.976943, 59.33319], [17.977066, 59.333288], [17.977078, 59.333297], [17.977227, 59.333403], [17.978237, 59.333285], [17.97815, 59.333013], [17.979488, 59.332889], [17.982666, 59.332562], [17.983104, 59.332503], [17.983535, 59.332426], [17.983935, 59.332333], [17.984766, 59.332133], [17.985078, 59.332097]]]]}, "geometry_name": "GEOMETRY", "properties": {"DISTRICT_ID": 132483, "DISTRICT_NAME": "Taxa 4", "DIVISION_ID": 14, "TAXA": "10 kr/tim vardagar 7-19, dag före helgdag 11-17, Boende: 500 kr/månad eller 35 kr/dygn", "FID": 5}, "bbox": [17.961701, 59.275543, 18.13049, 59.375801]}, {"type": "Feature", "id": "LTFR_TAXA_VIEW.6", "geometry": {"type": "MultiPolygon", "coordinates": [[[[18.094373, 59.340126], [18.094808, 59.34003], [18.094906, 59.340115], [18.096828, 59.341435], [18.099497, 59.343265], [18.100229, 59.343809], [18.101331, 59.344555], [18.101596, 59.344767], [18.101715, 59.344887], [18.101901, 59.345178], [18.102154, 59.346319], [18.102139, 59.3465], [18.102436, 59.347831], [18.102592, 59.348502], [18.102615, 59.348517], [18.102701, 59.348532], [18.102157, 59.348664], [18.102276, 59.348586], [18.102219, 59.34829], [18.1021, 59.347753], [18.101782, 59.346318], [18.101701, 59.346105], [18.101481, 59.345011], [18.100719, 59.344465], [18.100297, 59.344178], [18.099106, 59.343362], [18.094373, 59.340126]]], [[[18.086069, 59.353423], [18.085935, 59.353266], [18.086291, 59.353143], [18.086403, 59.3533], [18.086431, 59.353545], [18.086537, 59.353949], [18.086637, 59.354188], [18.086762, 59.354424], [18.086862, 59.354581], [18.087205, 59.355012], [18.08766, 59.355488], [18.088546, 59.356388], [18.088734, 59.356757], [18.08907, 59.357206], [18.089138, 59.357271], [18.089394, 59.357476], [18.089614, 59.357618], [18.090151, 59.357906], [18.092777, 59.358831], [18.092981, 59.358874], [18.094964, 59.359186], [18.095672, 59.359296], [18.096058, 59.359374], [18.097064, 59.359619], [18.097602, 59.359717], [18.098626, 59.359872], [18.098817, 59.359876], [18.098947, 59.35985], [18.099086, 59.359772], [18.099143, 59.359696], [18.09919, 59.359591], [18.099203, 59.359523], [18.099221, 59.359348], [18.099271, 59.359216], [18.099426, 59.358937], [18.099629, 59.358675], [18.099726, 59.35859], [18.099878, 59.358431], [18.100056, 59.358414], [18.10124, 59.358371], [18.101324, 59.358349], [18.101389, 59.358309], [18.101468, 59.357962], [18.101417, 59.357916], [18.101788, 59.357908], [18.101698, 59.358016], [18.101629, 59.358201], [18.101618, 59.358388], [18.101589, 59.358439], [18.101489, 59.358466], [18.100047, 59.358516], [18.099939, 59.358555], [18.099652, 59.358918], [18.099426, 59.359333], [18.099415, 59.35941], [18.099399, 59.359716], [18.099368, 59.359793], [18.099201, 59.360111], [18.098878, 59.360061], [18.097378, 59.359832], [18.097094, 59.35978], [18.09668, 59.359688], [18.095935, 59.359503], [18.095589, 59.359434], [18.092888, 59.35901], [18.092658, 59.358958], [18.092442, 59.358891], [18.091623, 59.358601], [18.091375, 59.358513], [18.090347, 59.358149], [18.089772, 59.357951], [18.089636, 59.357886], [18.089279, 59.357693], [18.089045, 59.357535], [18.088833, 59.357358], [18.088596, 59.357129], [18.088403, 59.356827], [18.088336, 59.356667], [18.088193, 59.356396], [18.087433, 59.355607], [18.087185, 59.355382], [18.086561, 59.354749], [18.086413, 59.354552], [18.086301, 59.354219], [18.086134, 59.353561], [18.086069, 59.353423]]], [[[18.072411, 59.315732], [18.072474, 59.315611], [18.072923, 59.314687], [18.073767, 59.313035], [18.073723, 59.312801], [18.074909, 59.31043], [18.07555, 59.309147], [18.076153, 59.307944], [18.076714, 59.308016], [18.07366, 59.314124], [18.083396, 59.315365], [18.083693, 59.315401], [18.083821, 59.315143], [18.084797, 59.313061], [18.08585, 59.310812], [18.086146, 59.310179], [18.086429, 59.310269], [18.084017, 59.31542], [18.091493, 59.315526], [18.092001, 59.315489], [18.094276, 59.315245], [18.094639, 59.31523], [18.094726, 59.315485], [18.094093, 59.3155], [18.093689, 59.315518], [18.092206, 59.315682], [18.089807, 59.315771], [18.086269, 59.315726], [18.085804, 59.31566], [18.083915, 59.315633], [18.082985, 59.317522], [18.082671, 59.317451], [18.08329, 59.316124], [18.083403, 59.316038], [18.083605, 59.315607], [18.073661, 59.314346], [18.073454, 59.314759], [18.073381, 59.314846], [18.072898, 59.315755], [18.072642, 59.315723], [18.072411, 59.315732]]], [[[18.047215, 59.335563], [18.047056, 59.335391], [18.047678, 59.3352], [18.048957, 59.334716], [18.049861, 59.33409], [18.05034, 59.333513], [18.050651, 59.332907], [18.050379, 59.332805], [18.050435, 59.332572], [18.050898, 59.332044], [18.05081, 59.331643], [18.051321, 59.330952], [18.051984, 59.330399], [18.052592, 59.329986], [18.052995, 59.330015], [18.05324, 59.329713], [18.0532, 59.329671], [18.054072, 59.329405], [18.055368, 59.329007], [18.056616, 59.328606], [18.057032, 59.328389], [18.057384, 59.328098], [18.057935, 59.327599], [18.061842, 59.328068], [18.062114, 59.328076], [18.062651, 59.328006], [18.062915, 59.327994], [18.064042, 59.32731], [18.06361, 59.3272], [18.063426, 59.327359], [18.06309, 59.327421], [18.062721, 59.327372], [18.062553, 59.327294], [18.062473, 59.327123], [18.063121, 59.326795], [18.064242, 59.327195], [18.065073, 59.326671], [18.064513, 59.326447], [18.064296, 59.326291], [18.064368, 59.326189], [18.065475, 59.325457], [18.065802, 59.325277], [18.065971, 59.325142], [18.066113, 59.324981], [18.066281, 59.324742], [18.066415, 59.324348], [18.066398, 59.324187], [18.066274, 59.324042], [18.065902, 59.323847], [18.06578, 59.323575], [18.065971, 59.323337], [18.066195, 59.323239], [18.066418, 59.322809], [18.066666, 59.322515], [18.067738, 59.322314], [18.068563, 59.322587], [18.069035, 59.322403], [18.069547, 59.322309], [18.070387, 59.322345], [18.070931, 59.322357], [18.071771, 59.322148], [18.072059, 59.321964], [18.072075, 59.321882], [18.071866, 59.3216], [18.073978, 59.321128], [18.075493, 59.322269], [18.07595, 59.3228], [18.076908, 59.325213], [18.075591, 59.326682], [18.075583, 59.326825], [18.075471, 59.326928], [18.075215, 59.327022], [18.074778, 59.327142], [18.074134, 59.327686], [18.073537, 59.328135], [18.073241, 59.328217], [18.073563, 59.329367], [18.074372, 59.329386], [18.075796, 59.328989], [18.077786, 59.327671], [18.080406, 59.328696], [18.079824, 59.32996], [18.077281, 59.331103], [18.076634, 59.331422], [18.076442, 59.331594], [18.076443, 59.331799], [18.076571, 59.331942], [18.076755, 59.332064], [18.07702, 59.332175], [18.077685, 59.333257], [18.079819, 59.33574], [18.079935, 59.335894], [18.080992, 59.337166], [18.074891, 59.338419], [18.076387, 59.340288], [18.078857, 59.343372], [18.078559, 59.343422], [18.077432, 59.342014], [18.077149, 59.341856], [18.07624, 59.34072], [18.076097, 59.340347], [18.075082, 59.33908], [18.07435, 59.338166], [18.073989, 59.337714], [18.073578, 59.337201], [18.070051, 59.337933], [18.069736, 59.338031], [18.069573, 59.337996], [18.069332, 59.33812], [18.069187, 59.338228], [18.068832, 59.338573], [18.068257, 59.339132], [18.067232, 59.340122], [18.067075, 59.340251], [18.066575, 59.340576], [18.065586, 59.341006], [18.065504, 59.341105], [18.05945, 59.33952], [18.058633, 59.339305], [18.058691, 59.339246], [18.058119, 59.339097], [18.058062, 59.339154], [18.055634, 59.338515], [18.055245, 59.338906], [18.052752, 59.338248], [18.053143, 59.337859], [18.050328, 59.337117], [18.049853, 59.337029], [18.048612, 59.336708], [18.047994, 59.336502], [18.04826, 59.336329], [18.048025, 59.336236], [18.047839, 59.336123], [18.0477, 59.336038], [18.047525, 59.335887], [18.047483, 59.33585], [18.047476, 59.335843], [18.04747, 59.335836], [18.047375, 59.335734], [18.047215, 59.335563]]], [[[18.034395, 59.315466], [18.03484, 59.315241], [18.035326, 59.315306], [18.036994, 59.315515], [18.037301, 59.315554], [18.042651, 59.316224], [18.043327, 59.316364], [18.05021, 59.317226], [18.051029, 59.317328], [18.055035, 59.317829], [18.058382, 59.310914], [18.058739, 59.310926], [18.055342, 59.317868], [18.059833, 59.31843], [18.061931, 59.318692], [18.063295, 59.318863], [18.065216, 59.319103], [18.070411, 59.319753], [18.070314, 59.31996], [18.054865, 59.318038], [18.05092, 59.317543], [18.050105, 59.317435], [18.046714, 59.317012], [18.046186, 59.316999], [18.040964, 59.316345], [18.040579, 59.316242], [18.034395, 59.315466]]], [[[18.032309, 59.33461], [18.032185, 59.334404], [18.032697, 59.334337], [18.034274, 59.334131], [18.034478, 59.334104], [18.035394, 59.333985], [18.035701, 59.333945], [18.03803, 59.33364], [18.038336, 59.3336], [18.039237, 59.333483], [18.03948, 59.333451], [18.04089, 59.333267], [18.041197, 59.333227], [18.043178, 59.332968], [18.043484, 59.332928], [18.045092, 59.332718], [18.045398, 59.332678], [18.046639, 59.332516], [18.046882, 59.332484], [18.049156, 59.332187], [18.049203, 59.332398], [18.049074, 59.332412], [18.032824, 59.334543], [18.034568, 59.336698], [18.03557, 59.337936], [18.036629, 59.339244], [18.036755, 59.339401], [18.03682, 59.339416], [18.036962, 59.3394], [18.037095, 59.339392], [18.03727, 59.339394], [18.037464, 59.339407], [18.037588, 59.339427], [18.038833, 59.339735], [18.039881, 59.339995], [18.040743, 59.340215], [18.045987, 59.341502], [18.052209, 59.343041], [18.055391, 59.343829], [18.057775, 59.341299], [18.059283, 59.339697], [18.05945, 59.33952], [18.059966, 59.339656], [18.055913, 59.343958], [18.062922, 59.345692], [18.066821, 59.346655], [18.066326, 59.346832], [18.055684, 59.3442], [18.054925, 59.344013], [18.051955, 59.343278], [18.040464, 59.342832], [18.040062, 59.342816], [18.039219, 59.342784], [18.037817, 59.342729], [18.036731, 59.342687], [18.035593, 59.344001], [18.035377, 59.344249], [18.034545, 59.34521], [18.03445, 59.345334], [18.034124, 59.345756], [18.033646, 59.345602], [18.033902, 59.345387], [18.034067, 59.345215], [18.034159, 59.345122], [18.034785, 59.3444], [18.035283, 59.343826], [18.036131, 59.342848], [18.036602, 59.342304], [18.037404, 59.341377], [18.037362, 59.341216], [18.03657, 59.339899], [18.036239, 59.339326], [18.03518, 59.338018], [18.034113, 59.336699], [18.033142, 59.335501], [18.032962, 59.335418], [18.032309, 59.33461]], [[18.037499, 59.341804], [18.037052, 59.342321], [18.038071, 59.342361], [18.038169, 59.342256], [18.038087, 59.342236], [18.037892, 59.341986], [18.037957, 59.341972], [18.037827, 59.341807], [18.037768, 59.341716], [18.037724, 59.341662], [18.037648, 59.341678], [18.037499, 59.341804]], [[18.037087, 59.339842], [18.037626, 59.340738], [18.03795, 59.340749], [18.03862, 59.339975], [18.0381, 59.339849], [18.037772, 59.339779], [18.037635, 59.339756], [18.037087, 59.339842]], [[18.038045, 59.341175], [18.038062, 59.341393], [18.038809, 59.34235], [18.038916, 59.342394], [18.046499, 59.342688], [18.051389, 59.343064], [18.039226, 59.340128], [18.03912, 59.340109], [18.038954, 59.34014], [18.038045, 59.341175]]], [[[18.009729, 59.275029], [18.009601, 59.274971], [18.009802, 59.274836], [18.010407, 59.275113], [18.010738, 59.275277], [18.014549, 59.277089], [18.014295, 59.277223], [18.01323, 59.276714], [18.013058, 59.276682], [18.012565, 59.276447], [18.012356, 59.276311], [18.011558, 59.275931], [18.011109, 59.275683], [18.010536, 59.275425], [18.010209, 59.275258], [18.009729, 59.275029]]], [[[17.977066, 59.333288], [17.976943, 59.33319], [17.977159, 59.333141], [17.97815, 59.333013], [17.978237, 59.333285], [17.977227, 59.333403], [17.977078, 59.333297], [17.977066, 59.333288]]]]}, "geometry_name": "GEOMETRY", "properties": {"DISTRICT_ID": 132484, "DISTRICT_NAME": "Taxa 11", "DIVISION_ID": 14, "TAXA": "Vardagar utom vardag före sön- och helgdag, vardag före sön- och helgdag och sön- och helgdag, 13,75 kr/tim.", "FID": 6}, "bbox": [17.976943, 59.274836, 18.102701, 59.360111]}, {"type": "Feature", "id": "LTFR_TAXA_VIEW.7", "geometry": {"type": "MultiPolygon", "coordinates": [[[[18.047263, 59.375587], [18.04749, 59.375362], [18.0479, 59.374962], [18.048595, 59.374385], [18.049189, 59.373946], [18.049603, 59.373602], [18.04979, 59.373425], [18.050002, 59.373263], [18.050289, 59.373021], [18.050508, 59.372803], [18.050742, 59.372532], [18.050928, 59.372244], [18.05131, 59.370996], [18.051346, 59.370947], [18.051408, 59.370891], [18.051519, 59.370474], [18.065882, 59.368198], [18.06713, 59.368894], [18.067588, 59.369438], [18.068266, 59.371198], [18.069289, 59.372518], [18.06885, 59.372927], [18.067816, 59.373152], [18.066912, 59.373535], [18.066887, 59.37376], [18.066189, 59.374209], [18.065078, 59.374302], [18.062751, 59.37458], [18.061587, 59.374198], [18.06094, 59.373881], [18.06019, 59.373789], [18.059983, 59.373763], [18.059931, 59.373618], [18.058043, 59.373487], [18.055974, 59.373], [18.054837, 59.373858], [18.050676, 59.3751], [18.050108, 59.375272], [18.048561, 59.375801], [18.047263, 59.375587]]], [[[18.038062, 59.341393], [18.038045, 59.341175], [18.038954, 59.34014], [18.039119, 59.340109], [18.039226, 59.340128], [18.051389, 59.343064], [18.046499, 59.342688], [18.038915, 59.342394], [18.038809, 59.34235], [18.038062, 59.341393]]], [[[18.037626, 59.340738], [18.037086, 59.339842], [18.037634, 59.339756], [18.037771, 59.33978], [18.0381, 59.339849], [18.03862, 59.339975], [18.03795, 59.340749], [18.037626, 59.340738]]], [[[18.037052, 59.342321], [18.037498, 59.341804], [18.037648, 59.341678], [18.037723, 59.341662], [18.037767, 59.341716], [18.037827, 59.341807], [18.037956, 59.341972], [18.037891, 59.341986], [18.038087, 59.342236], [18.038168, 59.342256], [18.038071, 59.342361], [18.037052, 59.342321]]], [[[18.03557, 59.337936], [18.035115, 59.337367], [18.036158, 59.337194], [18.03647, 59.337041], [18.036949, 59.336957], [18.037111, 59.336962], [18.037826, 59.336822], [18.037922, 59.336773], [18.038153, 59.336737], [18.038309, 59.336745], [18.038859, 59.336661], [18.040234, 59.336506], [18.040384, 59.336518], [18.041766, 59.336378], [18.042601, 59.33627], [18.046669, 59.335482], [18.046421, 59.335152], [18.046213, 59.334818], [18.046541, 59.334656], [18.047052, 59.335387], [18.047215, 59.335563], [18.047476, 59.335843], [18.047707, 59.336043], [18.047839, 59.336123], [18.048025, 59.336236], [18.04826, 59.336329], [18.047994, 59.336502], [18.048611, 59.336708], [18.049853, 59.337029], [18.050328, 59.337117], [18.053143, 59.337859], [18.052752, 59.338248], [18.055245, 59.338906], [18.055634, 59.338515], [18.058062, 59.339154], [18.058119, 59.339097], [18.058691, 59.339246], [18.058633, 59.339305], [18.05945, 59.33952], [18.059283, 59.339697], [18.057774, 59.341299], [18.055391, 59.343829], [18.052208, 59.343041], [18.045986, 59.341502], [18.040743, 59.340215], [18.039881, 59.339995], [18.038833, 59.339735], [18.037587, 59.339427], [18.037463, 59.339407], [18.037269, 59.339394], [18.037095, 59.339392], [18.036962, 59.3394], [18.036819, 59.339416], [18.036754, 59.339401], [18.036629, 59.339244], [18.03557, 59.337936]]], [[[18.025961, 59.317962], [18.025917, 59.317868], [18.026088, 59.317379], [18.026192, 59.31732], [18.026212, 59.317207], [18.026188, 59.31707], [18.026292, 59.31688], [18.026495, 59.316313], [18.026667, 59.316054], [18.029619, 59.315186], [18.029903, 59.315059], [18.030263, 59.314991], [18.031655, 59.314547], [18.032507, 59.314214], [18.033103, 59.314105], [18.033442, 59.313878], [18.032818, 59.313369], [18.033198, 59.313226], [18.034014, 59.313739], [18.03415, 59.313765], [18.034762, 59.313581], [18.03495, 59.313479], [18.035374, 59.313307], [18.03569, 59.313192], [18.036573, 59.312718], [18.037453, 59.31228], [18.037433, 59.312212], [18.037441, 59.312141], [18.037609, 59.312001], [18.037921, 59.311948], [18.038101, 59.311954], [18.040172, 59.311134], [18.040332, 59.311046], [18.041112, 59.310804], [18.041563, 59.310601], [18.041575, 59.310536], [18.041955, 59.310421], [18.042023, 59.31046], [18.042551, 59.310296], [18.042667, 59.310221], [18.042927, 59.310218], [18.043531, 59.310085], [18.043915, 59.309979], [18.044319, 59.309973], [18.044523, 59.309887], [18.04499, 59.309739], [18.045238, 59.30961], [18.045562, 59.309502], [18.046426, 59.309178], [18.046749, 59.309066], [18.047069, 59.30901], [18.047237, 59.309025], [18.047617, 59.308914], [18.047941, 59.308855], [18.048549, 59.308807], [18.048661, 59.308768], [18.048969, 59.308711], [18.049237, 59.308631], [18.049625, 59.308545], [18.049917, 59.308469], [18.050093, 59.308473], [18.050417, 59.308447], [18.0509, 59.308269], [18.05138, 59.30815], [18.052244, 59.307884], [18.053019, 59.307754], [18.054959, 59.307381], [18.058509, 59.306656], [18.058637, 59.306603], [18.058793, 59.306515], [18.060304, 59.306035], [18.061151, 59.305691], [18.061435, 59.305628], [18.06219, 59.30528], [18.063926, 59.305001], [18.064461, 59.30496], [18.066109, 59.304904], [18.066161, 59.304867], [18.066801, 59.304774], [18.067509, 59.304725], [18.067536, 59.304649], [18.067812, 59.304479], [18.067627, 59.304197], [18.067747, 59.304144], [18.068343, 59.304144], [18.068771, 59.304], [18.070162, 59.303701], [18.070574, 59.303637], [18.072025, 59.303457], [18.072849, 59.303511], [18.072998, 59.303736], [18.073086, 59.304014], [18.073971, 59.304323], [18.074698, 59.304253], [18.07588, 59.303397], [18.07584, 59.303366], [18.075708, 59.303348], [18.075868, 59.303219], [18.07606, 59.303235], [18.077436, 59.303253], [18.077536, 59.303161], [18.079968, 59.303552], [18.080344, 59.30367], [18.080237, 59.303851], [18.080805, 59.303928], [18.080638, 59.304261], [18.085298, 59.304911], [18.096296, 59.307529], [18.09874, 59.30865], [18.101309, 59.311728], [18.101553, 59.311959], [18.101858, 59.312174], [18.104106, 59.313583], [18.104263, 59.313595], [18.10482, 59.313928], [18.104896, 59.314008], [18.107184, 59.315317], [18.106805, 59.31551], [18.106826, 59.315943], [18.106454, 59.316021], [18.106427, 59.316086], [18.099337, 59.316143], [18.099145, 59.31619], [18.099041, 59.316096], [18.098425, 59.316128], [18.098369, 59.316154], [18.09583, 59.316676], [18.095979, 59.316866], [18.095519, 59.317015], [18.095279, 59.317058], [18.09509, 59.316834], [18.092571, 59.31733], [18.091308, 59.317558], [18.090448, 59.317675], [18.089288, 59.317801], [18.08418, 59.318279], [18.083448, 59.318369], [18.07992, 59.319055], [18.074922, 59.320199], [18.074454, 59.320496], [18.074354, 59.320539], [18.073938, 59.320455], [18.07385, 59.320478], [18.073658, 59.320709], [18.073671, 59.320829], [18.073759, 59.320962], [18.073977, 59.321128], [18.071866, 59.3216], [18.071631, 59.321295], [18.071515, 59.321293], [18.070659, 59.321477], [18.068769, 59.321133], [18.068421, 59.321108], [18.068298, 59.321221], [18.067477, 59.32115], [18.067501, 59.321092], [18.067045, 59.321099], [18.062676, 59.321346], [18.061872, 59.321365], [18.051768, 59.321327], [18.050656, 59.321305], [18.049951, 59.321264], [18.047914, 59.321111], [18.047898, 59.321087], [18.047306, 59.321042], [18.046478, 59.320999], [18.041664, 59.320633], [18.041644, 59.320592], [18.041043, 59.320568], [18.039767, 59.320439], [18.039551, 59.320392], [18.039035, 59.320364], [18.038979, 59.32037], [18.038951, 59.320423], [18.038823, 59.320446], [18.03871, 59.32044], [18.03853, 59.320294], [18.03825, 59.32025], [18.035929, 59.320046], [18.035501, 59.320052], [18.035405, 59.320029], [18.035209, 59.320062], [18.034881, 59.320087], [18.034725, 59.320085], [18.034185, 59.319972], [18.034101, 59.319952], [18.033841, 59.319944], [18.033688, 59.319887], [18.032856, 59.319787], [18.03208, 59.31967], [18.031195, 59.319534], [18.030983, 59.319527], [18.030851, 59.319515], [18.030711, 59.319509], [18.030535, 59.31947], [18.029611, 59.31934], [18.029407, 59.31934], [18.028754, 59.319244], [18.028558, 59.319244], [18.028406, 59.319217], [18.028154, 59.319209], [18.028002, 59.319113], [18.02785, 59.319076], [18.026993, 59.318772], [18.026841, 59.318721], [18.026717, 59.318631], [18.026381, 59.318512], [18.025961, 59.317962]], [[18.034839, 59.315241], [18.034394, 59.315466], [18.040579, 59.316242], [18.040964, 59.316345], [18.046186, 59.316999], [18.046714, 59.317012], [18.050105, 59.317435], [18.05092, 59.317543], [18.054864, 59.318038], [18.070313, 59.31996], [18.07041, 59.319753], [18.065216, 59.319103], [18.063295, 59.318863], [18.061931, 59.318692], [18.059832, 59.31843], [18.055341, 59.317868], [18.058738, 59.310926], [18.058382, 59.310914], [18.055034, 59.31783], [18.051029, 59.317328], [18.05021, 59.317226], [18.043327, 59.316364], [18.04265, 59.316224], [18.037301, 59.315554], [18.036994, 59.315515], [18.035326, 59.315306], [18.034839, 59.315241]], [[18.072474, 59.315611], [18.07241, 59.315732], [18.072642, 59.315723], [18.072898, 59.315756], [18.073381, 59.314846], [18.073453, 59.314759], [18.073661, 59.314346], [18.083604, 59.315607], [18.083402, 59.316038], [18.08329, 59.316124], [18.08267, 59.317451], [18.082985, 59.317522], [18.083915, 59.315633], [18.085803, 59.31566], [18.086269, 59.315726], [18.089807, 59.315771], [18.092205, 59.315682], [18.093689, 59.315519], [18.094093, 59.3155], [18.094726, 59.315485], [18.094638, 59.31523], [18.094275, 59.315245], [18.092, 59.315489], [18.091493, 59.315526], [18.084017, 59.31542], [18.086428, 59.310269], [18.086146, 59.310179], [18.08585, 59.310812], [18.084797, 59.313061], [18.083821, 59.315143], [18.083693, 59.315401], [18.083396, 59.315365], [18.073659, 59.314124], [18.076714, 59.308016], [18.076152, 59.307944], [18.07555, 59.309147], [18.074909, 59.31043], [18.073723, 59.312801], [18.073767, 59.313035], [18.072922, 59.314687], [18.072474, 59.315611]]], [[[18.026015, 59.343915], [18.025679, 59.343413], [18.025508, 59.343042], [18.025438, 59.342763], [18.02541, 59.34255], [18.025381, 59.342337], [18.025383, 59.342285], [18.025384, 59.342233], [18.025389, 59.342167], [18.025412, 59.34197], [18.025436, 59.341821], [18.025493, 59.341617], [18.025544, 59.341476], [18.025622, 59.341297], [18.025653, 59.341235], [18.025684, 59.341173], [18.025638, 59.341168], [18.025374, 59.341149], [18.025393, 59.34106], [18.025513, 59.340594], [18.025358, 59.340337], [18.025281, 59.340209], [18.025085, 59.339883], [18.025087, 59.339838], [18.025392, 59.339789], [18.026024, 59.33965], [18.02644, 59.339552], [18.026753, 59.339441], [18.026945, 59.339425], [18.027105, 59.339273], [18.027505, 59.339175], [18.027609, 59.339073], [18.027937, 59.338995], [18.02841, 59.338954], [18.029002, 59.338786], [18.029506, 59.338704], [18.030195, 59.338528], [18.031027, 59.338315], [18.031107, 59.338225], [18.031764, 59.338107], [18.032212, 59.338057], [18.034429, 59.337513], [18.034716, 59.337449], [18.03518, 59.338018], [18.036239, 59.339326], [18.03657, 59.339899], [18.037362, 59.341216], [18.037403, 59.341377], [18.036601, 59.342304], [18.03613, 59.342848], [18.035282, 59.343826], [18.034785, 59.3444], [18.034159, 59.345122], [18.034067, 59.345215], [18.033902, 59.345388], [18.033645, 59.345602], [18.034123, 59.345756], [18.03445, 59.345334], [18.034545, 59.34521], [18.035377, 59.344249], [18.035592, 59.344001], [18.036731, 59.342687], [18.037816, 59.342729], [18.039218, 59.342784], [18.040062, 59.342816], [18.040463, 59.342832], [18.051954, 59.343278], [18.054925, 59.344013], [18.055684, 59.3442], [18.066325, 59.346832], [18.06682, 59.346655], [18.062921, 59.345692], [18.055912, 59.343958], [18.059965, 59.339656], [18.065504, 59.341105], [18.065585, 59.341006], [18.066574, 59.340576], [18.067075, 59.340251], [18.067231, 59.340122], [18.068257, 59.339132], [18.068832, 59.338573], [18.069186, 59.338228], [18.069332, 59.33812], [18.069573, 59.337996], [18.069736, 59.338031], [18.07005, 59.337933], [18.073577, 59.337201], [18.073988, 59.337714], [18.07435, 59.338166], [18.075082, 59.33908], [18.076097, 59.340347], [18.07624, 59.34072], [18.077149, 59.341856], [18.077431, 59.342014], [18.078558, 59.343422], [18.078857, 59.343372], [18.076387, 59.340288], [18.074891, 59.338419], [18.080992, 59.337166], [18.079934, 59.335894], [18.079818, 59.33574], [18.077685, 59.333257], [18.077019, 59.332175], [18.077162, 59.332204], [18.077391, 59.332207], [18.077772, 59.332171], [18.081201, 59.331097], [18.089016, 59.331274], [18.092994, 59.331505], [18.093299, 59.331394], [18.093451, 59.331349], [18.093889, 59.331355], [18.094176, 59.331423], [18.0954, 59.331446], [18.095446, 59.331477], [18.095789, 59.33148], [18.096272, 59.331402], [18.0968, 59.331356], [18.097232, 59.331349], [18.097705, 59.33132], [18.098275, 59.331057], [18.099444, 59.330949], [18.099875, 59.330835], [18.100334, 59.330934], [18.100669, 59.331019], [18.100809, 59.331268], [18.100837, 59.331453], [18.101296, 59.331495], [18.10312, 59.331579], [18.103635, 59.331557], [18.1039, 59.331778], [18.104457, 59.331991], [18.104763, 59.332019], [18.105195, 59.332154], [18.105237, 59.332246], [18.105655, 59.332438], [18.106407, 59.332522], [18.107335, 59.332844], [18.108262, 59.333166], [18.10879, 59.333409], [18.107961, 59.335259], [18.107172, 59.336069], [18.106003, 59.336822], [18.10386, 59.337819], [18.102947, 59.338227], [18.103406, 59.338755], [18.103779, 59.339104], [18.104014, 59.33922], [18.104394, 59.339322], [18.104821, 59.339393], [18.105346, 59.339448], [18.105699, 59.339467], [18.111466, 59.339575], [18.112061, 59.339589], [18.114179, 59.339556], [18.114901, 59.339579], [18.116168, 59.339543], [18.143141, 59.337599], [18.142954, 59.33762], [18.142808, 59.337775], [18.142814, 59.337973], [18.142905, 59.338012], [18.142801, 59.338285], [18.14207, 59.338587], [18.141798, 59.338556], [18.141561, 59.338572], [18.141103, 59.33875], [18.140966, 59.338738], [18.14079, 59.33881], [18.140685, 59.338972], [18.140499, 59.339112], [18.137405, 59.341231], [18.137315, 59.341396], [18.130543, 59.343315], [18.1302, 59.343359], [18.129816, 59.343313], [18.129205, 59.343166], [18.128645, 59.342999], [18.128089, 59.342729], [18.127888, 59.34292], [18.127334, 59.343143], [18.120053, 59.341271], [18.119259, 59.342088], [18.13107, 59.345218], [18.131055, 59.34537], [18.131368, 59.345473], [18.131687, 59.345779], [18.131536, 59.345908], [18.129566, 59.346552], [18.128417, 59.34687], [18.127948, 59.346971], [18.127151, 59.346967], [18.125939, 59.346684], [18.125657, 59.346659], [18.124733, 59.34641], [18.124223, 59.346299], [18.124106, 59.346127], [18.124095, 59.346024], [18.124276, 59.345663], [18.124597, 59.34532], [18.118104, 59.343638], [18.11731, 59.345968], [18.117522, 59.345991], [18.117392, 59.346409], [18.117165, 59.346388], [18.117035, 59.346762], [18.114708, 59.349395], [18.108159, 59.349568], [18.108375, 59.350643], [18.113465, 59.350504], [18.113491, 59.350679], [18.114616, 59.350658], [18.115984, 59.350829], [18.116519, 59.35087], [18.116686, 59.350947], [18.116737, 59.351071], [18.116163, 59.351447], [18.113933, 59.351504], [18.11359, 59.351643], [18.113596, 59.351774], [18.110967, 59.351846], [18.110117, 59.354354], [18.109851, 59.354625], [18.110346, 59.354759], [18.109692, 59.355486], [18.109157, 59.35536], [18.10796, 59.35668], [18.108359, 59.356783], [18.107464, 59.357763], [18.107034, 59.357673], [18.106939, 59.357797], [18.106843, 59.357799], [18.106471, 59.358343], [18.105338, 59.358965], [18.105162, 59.358955], [18.104751, 59.358765], [18.104414, 59.358992], [18.104162, 59.35909], [18.104248, 59.359262], [18.104042, 59.359332], [18.101619, 59.359393], [18.101629, 59.359427], [18.100166, 59.359472], [18.099732, 59.359627], [18.099587, 59.359864], [18.099678, 59.359882], [18.098959, 59.361127], [18.098727, 59.361109], [18.098389, 59.361287], [18.095208, 59.360797], [18.094895, 59.36078], [18.094506, 59.36069], [18.092598, 59.3604], [18.08691, 59.358755], [18.085596, 59.357901], [18.084303, 59.357127], [18.083591, 59.3567], [18.084987, 59.355897], [18.084999, 59.355898], [18.085413, 59.35566], [18.085551, 59.35558], [18.085453, 59.355373], [18.085426, 59.355341], [18.085542, 59.355283], [18.085651, 59.355224], [18.08574, 59.355148], [18.085826, 59.355031], [18.085841, 59.355002], [18.085861, 59.354965], [18.085971, 59.354761], [18.085991, 59.354696], [18.086006, 59.354648], [18.08607, 59.354439], [18.086132, 59.354299], [18.086136, 59.354291], [18.086172, 59.354209], [18.08621, 59.354121], [18.0863, 59.354219], [18.086412, 59.354552], [18.086561, 59.354749], [18.087184, 59.355382], [18.087432, 59.355607], [18.088193, 59.356396], [18.088335, 59.356667], [18.088402, 59.356827], [18.088596, 59.357129], [18.088833, 59.357358], [18.089045, 59.357535], [18.089279, 59.357693], [18.089636, 59.357886], [18.089771, 59.357951], [18.090346, 59.358149], [18.091375, 59.358513], [18.091623, 59.358601], [18.092442, 59.358891], [18.092657, 59.358958], [18.092887, 59.35901], [18.095589, 59.359434], [18.095935, 59.359503], [18.096679, 59.359688], [18.097094, 59.35978], [18.097378, 59.359832], [18.098877, 59.360061], [18.099201, 59.360111], [18.099367, 59.359793], [18.099399, 59.359716], [18.099415, 59.359411], [18.099425, 59.359333], [18.099651, 59.358918], [18.099938, 59.358555], [18.100046, 59.358516], [18.101488, 59.358466], [18.101589, 59.358439], [18.101618, 59.358388], [18.101628, 59.358201], [18.101698, 59.358016], [18.101787, 59.357908], [18.101417, 59.357916], [18.101467, 59.357962], [18.101388, 59.358309], [18.101324, 59.358349], [18.101239, 59.358371], [18.100056, 59.358414], [18.099877, 59.358431], [18.099725, 59.35859], [18.099628, 59.358675], [18.099425, 59.358937], [18.09927, 59.359216], [18.099221, 59.359348], [18.099203, 59.359524], [18.099189, 59.359591], [18.099143, 59.359696], [18.099085, 59.359772], [18.098946, 59.35985], [18.098817, 59.359877], [18.098625, 59.359872], [18.097602, 59.359717], [18.097063, 59.359619], [18.096058, 59.359374], [18.095671, 59.359296], [18.094964, 59.359186], [18.092981, 59.358874], [18.092777, 59.358831], [18.09015, 59.357906], [18.089614, 59.357618], [18.089393, 59.357476], [18.089138, 59.357271], [18.08907, 59.357206], [18.088734, 59.356757], [18.088546, 59.356388], [18.087659, 59.355488], [18.087204, 59.355012], [18.086861, 59.354581], [18.086762, 59.354424], [18.086636, 59.354188], [18.086537, 59.353949], [18.086431, 59.353545], [18.086402, 59.3533], [18.086291, 59.353143], [18.085947, 59.353133], [18.085775, 59.353008], [18.085729, 59.35298], [18.085691, 59.352963], [18.085667, 59.352952], [18.085613, 59.352935], [18.085558, 59.352924], [18.085294, 59.35287], [18.085221, 59.352851], [18.08511, 59.352823], [18.085029, 59.3528], [18.084963, 59.352779], [18.084918, 59.352764], [18.084875, 59.352746], [18.084818, 59.352721], [18.08478, 59.352705], [18.08472, 59.352671], [18.084678, 59.352642], [18.084658, 59.352614], [18.084634, 59.352562], [18.084589, 59.352464], [18.084559, 59.352415], [18.084492, 59.352305], [18.08526, 59.352208], [18.085724, 59.352137], [18.086295, 59.352031], [18.08662, 59.35198], [18.086936, 59.351906], [18.087228, 59.351826], [18.087538, 59.351729], [18.087816, 59.351631], [18.088098, 59.351518], [18.088334, 59.351409], [18.088475, 59.351338], [18.088596, 59.351262], [18.088726, 59.351165], [18.088794, 59.351089], [18.088925, 59.350964], [18.089098, 59.350814], [18.089236, 59.350697], [18.089353, 59.350606], [18.089437, 59.350546], [18.089513, 59.350497], [18.089642, 59.350422], [18.089832, 59.350321], [18.090068, 59.350198], [18.090175, 59.35015], [18.090295, 59.350095], [18.090587, 59.349944], [18.090958, 59.349721], [18.091018, 59.349686], [18.091072, 59.34965], [18.091149, 59.349598], [18.091227, 59.349543], [18.091323, 59.349472], [18.091448, 59.349383], [18.091559, 59.349303], [18.09167, 59.349224], [18.091779, 59.349145], [18.091861, 59.349086], [18.092405, 59.348696], [18.092236, 59.348641], [18.089742, 59.347991], [18.089409, 59.347838], [18.086987, 59.34715], [18.086777, 59.347113], [18.086434, 59.347015], [18.086364, 59.346981], [18.086135, 59.346907], [18.085917, 59.346889], [18.084434, 59.346465], [18.083784, 59.346321], [18.083399, 59.346217], [18.082717, 59.346082], [18.081346, 59.345627], [18.080269, 59.345208], [18.079529, 59.344613], [18.079319, 59.344389], [18.079148, 59.344187], [18.0789, 59.344089], [18.078592, 59.344088], [18.076684, 59.34456], [18.072119, 59.345713], [18.071878, 59.34583], [18.070887, 59.346402], [18.068931, 59.347273], [18.06634, 59.348664], [18.065427, 59.349678], [18.064693, 59.351405], [18.063956, 59.351938], [18.061822, 59.35277], [18.05895, 59.353992], [18.053424, 59.355009], [18.053464, 59.354902], [18.052734, 59.354105], [18.052061, 59.353925], [18.051388, 59.354106], [18.050988, 59.354261], [18.050323, 59.354151], [18.049642, 59.354106], [18.049434, 59.354135], [18.049114, 59.354536], [18.048834, 59.354745], [18.048313, 59.354905], [18.048258, 59.355354], [18.047978, 59.3554], [18.047673, 59.355351], [18.047112, 59.35515], [18.046863, 59.354942], [18.046919, 59.35486], [18.046879, 59.354553], [18.04671, 59.354242], [18.046574, 59.353928], [18.046549, 59.35367], [18.046605, 59.353326], [18.046597, 59.35295], [18.04654, 59.352811], [18.046276, 59.352656], [18.045931, 59.352549], [18.045659, 59.352509], [18.045306, 59.352333], [18.04513, 59.352251], [18.044937, 59.352186], [18.044947, 59.352086], [18.044635, 59.351563], [18.044268, 59.351185], [18.043901, 59.350807], [18.043294, 59.350182], [18.042887, 59.350068], [18.042858, 59.35006], [18.041874, 59.351083], [18.041303, 59.350906], [18.040892, 59.350835], [18.040793, 59.350827], [18.040536, 59.350822], [18.040924, 59.350931], [18.040708, 59.351131], [18.040442, 59.351056], [18.040201, 59.350988], [18.035385, 59.349632], [18.0356, 59.349433], [18.033744, 59.34891], [18.033979, 59.348666], [18.033688, 59.348587], [18.033403, 59.348504], [18.032672, 59.348286], [18.032639, 59.348276], [18.032372, 59.348539], [18.032184, 59.348485], [18.032151, 59.348494], [18.032128, 59.348496], [18.030763, 59.34811], [18.030346, 59.347992], [18.030317, 59.347981], [18.030295, 59.347967], [18.03028, 59.347951], [18.030273, 59.347933], [18.030275, 59.347925], [18.030275, 59.347915], [18.030288, 59.347897], [18.030308, 59.347882], [18.030326, 59.347873], [18.030367, 59.347853], [18.030464, 59.34781], [18.030605, 59.347744], [18.030702, 59.347697], [18.030752, 59.347671], [18.030843, 59.347623], [18.031028, 59.347524], [18.031018, 59.347519], [18.03068, 59.347345], [18.030624, 59.347316], [18.030586, 59.347297], [18.02989, 59.346922], [18.029056, 59.346402], [18.027191, 59.345095], [18.027126, 59.345052], [18.026806, 59.344861], [18.026501, 59.344712], [18.026335, 59.344646], [18.026209, 59.344602], [18.026083, 59.344558], [18.025603, 59.344433], [18.025351, 59.344386], [18.025493, 59.344235], [18.025589, 59.344171], [18.025793, 59.344038], [18.026015, 59.343915]], [[18.094808, 59.34003], [18.094373, 59.340126], [18.099105, 59.343362], [18.100297, 59.344178], [18.100718, 59.344465], [18.10148, 59.345011], [18.1017, 59.346105], [18.101782, 59.346318], [18.1021, 59.347753], [18.102219, 59.34829], [18.102275, 59.348586], [18.102157, 59.348664], [18.1027, 59.348532], [18.102614, 59.348517], [18.102592, 59.348502], [18.102436, 59.347831], [18.102138, 59.3465], [18.102153, 59.346319], [18.1019, 59.345178], [18.101714, 59.344887], [18.101596, 59.344767], [18.10133, 59.344555], [18.100229, 59.343809], [18.099497, 59.343265], [18.096827, 59.341435], [18.094906, 59.340115], [18.094808, 59.34003]]], [[[18.015081, 59.318549], [18.01498, 59.318281], [18.015141, 59.318183], [18.015282, 59.318194], [18.016532, 59.317426], [18.017258, 59.317127], [18.017933, 59.317049], [18.018195, 59.317013], [18.01876, 59.316977], [18.019738, 59.316874], [18.022238, 59.316848], [18.022268, 59.316796], [18.024547, 59.316775], [18.025434, 59.317434], [18.025939, 59.318522], [18.026363, 59.319068], [18.026323, 59.319393], [18.026222, 59.319491], [18.025093, 59.319645], [18.024367, 59.319733], [18.021191, 59.319924], [18.020909, 59.319693], [18.018933, 59.319317], [18.01745, 59.31909], [18.017128, 59.319142], [18.015918, 59.318884], [18.015081, 59.318549]]], [[[17.999207, 59.325928], [17.999423, 59.324454], [17.999499, 59.324344], [18.000516, 59.323785], [18.001342, 59.323162], [18.001507, 59.323175], [18.002332, 59.323526], [18.002688, 59.323214], [18.002345, 59.32313], [18.001723, 59.323117], [18.001634, 59.322922], [18.003031, 59.322175], [18.007211, 59.322279], [18.007541, 59.322779], [18.008265, 59.322889], [18.00885, 59.323051], [18.009269, 59.323408], [18.009244, 59.323603], [18.009638, 59.323603], [18.010565, 59.323824], [18.010997, 59.324142], [18.010959, 59.324616], [18.01082, 59.32485], [18.009359, 59.325675], [18.007859, 59.325889], [18.007618, 59.326084], [18.001469, 59.327324], [18.000681, 59.326662], [18.001316, 59.326454], [18.000363, 59.326064], [17.999703, 59.326259], [17.999207, 59.325928]]], [[[17.995714, 59.3307], [17.995752, 59.330411], [17.99593, 59.330363], [17.996146, 59.330239], [17.996324, 59.33021], [17.996953, 59.329843], [17.997798, 59.329476], [17.999342, 59.329074], [17.999875, 59.328905], [18.000911, 59.328694], [18.000981, 59.328613], [18.002633, 59.328123], [18.002963, 59.328097], [18.004037, 59.327717], [18.006787, 59.327178], [18.006978, 59.327064], [18.007982, 59.326678], [18.008071, 59.326428], [18.008496, 59.326249], [18.009671, 59.326028], [18.010287, 59.325629], [18.010948, 59.325541], [18.011609, 59.32544], [18.012288, 59.325294], [18.015439, 59.325086], [18.015585, 59.325028], [18.015725, 59.325034], [18.015947, 59.324973], [18.016195, 59.324989], [18.017364, 59.324888], [18.017592, 59.324904], [18.018107, 59.324998], [18.018463, 59.324956], [18.01871, 59.324979], [18.019447, 59.324881], [18.019822, 59.324946], [18.020451, 59.325173], [18.020953, 59.325209], [18.021194, 59.32516], [18.021391, 59.325063], [18.021588, 59.32504], [18.021861, 59.324839], [18.021613, 59.32478], [18.021588, 59.324722], [18.021734, 59.324628], [18.021994, 59.324465], [18.022185, 59.324374], [18.022496, 59.324387], [18.022661, 59.324507], [18.022579, 59.324747], [18.022649, 59.324783], [18.022986, 59.324725], [18.023125, 59.324666], [18.023494, 59.324627], [18.023761, 59.324669], [18.02404, 59.324812], [18.024155, 59.324939], [18.024206, 59.325487], [18.024314, 59.325497], [18.024269, 59.325673], [18.024174, 59.325737], [18.024022, 59.325763], [18.023831, 59.325877], [18.023564, 59.325932], [18.023545, 59.325991], [18.023647, 59.326065], [18.023901, 59.32613], [18.024282, 59.326156], [18.024365, 59.326124], [18.024486, 59.326117], [18.024657, 59.326039], [18.024905, 59.326091], [18.025051, 59.32599], [18.02575, 59.326234], [18.025585, 59.326468], [18.025693, 59.326513], [18.025712, 59.326562], [18.026297, 59.326818], [18.02643, 59.326993], [18.026418, 59.327088], [18.026685, 59.327263], [18.026812, 59.327246], [18.027015, 59.327341], [18.026971, 59.327406], [18.027288, 59.327522], [18.02739, 59.327503], [18.027435, 59.327555], [18.027377, 59.32762], [18.02793, 59.327931], [18.028172, 59.328162], [18.028172, 59.328217], [18.02849, 59.328324], [18.028553, 59.328311], [18.028738, 59.328327], [18.02896, 59.328278], [18.0291, 59.328214], [18.02957, 59.328129], [18.030268, 59.328051], [18.030395, 59.327979], [18.031031, 59.327918], [18.031158, 59.32795], [18.031895, 59.327791], [18.032339, 59.327781], [18.033267, 59.32757], [18.034023, 59.327595], [18.034105, 59.327436], [18.034531, 59.327401], [18.03469, 59.327446], [18.034861, 59.32742], [18.034893, 59.327391], [18.035896, 59.327173], [18.036087, 59.327179], [18.037592, 59.326952], [18.037815, 59.326893], [18.038158, 59.326864], [18.039104, 59.326685], [18.039326, 59.326601], [18.03958, 59.326617], [18.040419, 59.326542], [18.040527, 59.326506], [18.040526, 59.326253], [18.04585, 59.326209], [18.045882, 59.326452], [18.049834, 59.326555], [18.050463, 59.326593], [18.053023, 59.326842], [18.053385, 59.326615], [18.056441, 59.326896], [18.056201, 59.328029], [18.05584, 59.328218], [18.054837, 59.328777], [18.054818, 59.328822], [18.054742, 59.328923], [18.054564, 59.329017], [18.054361, 59.329092], [18.053796, 59.329206], [18.053338, 59.329358], [18.052729, 59.329553], [18.052081, 59.329882], [18.052069, 59.329946], [18.050819, 59.33107], [18.050673, 59.331239], [18.050654, 59.331414], [18.049169, 59.332844], [18.049144, 59.332947], [18.049341, 59.333158], [18.049316, 59.333223], [18.049126, 59.333314], [18.048948, 59.333493], [18.048624, 59.333736], [18.048465, 59.333818], [18.048148, 59.334019], [18.047996, 59.334078], [18.047659, 59.334052], [18.047443, 59.334178], [18.046782, 59.334497], [18.046725, 59.334565], [18.046541, 59.334656], [18.046538, 59.334653], [18.046211, 59.334814], [18.046213, 59.334818], [18.045976, 59.334935], [18.045468, 59.335052], [18.044826, 59.33517], [18.044363, 59.335381], [18.043696, 59.335579], [18.041587, 59.336008], [18.039966, 59.336246], [18.039579, 59.336269], [18.039242, 59.336252], [18.038537, 59.336334], [18.037504, 59.336502], [18.037279, 59.336518], [18.037224, 59.336538], [18.037055, 59.336558], [18.036878, 59.336548], [18.034745, 59.336911], [18.034568, 59.336698], [18.032824, 59.334543], [18.049073, 59.332412], [18.049203, 59.332398], [18.049155, 59.332187], [18.045091, 59.332718], [18.043178, 59.332968], [18.032185, 59.334404], [18.032308, 59.33461], [18.032962, 59.335418], [18.033141, 59.335501], [18.034337, 59.336976], [18.032355, 59.337306], [18.028523, 59.33794], [18.024196, 59.338795], [18.023237, 59.338954], [18.022576, 59.339009], [18.021985, 59.339003], [18.02093, 59.338971], [18.019532, 59.339052], [18.019398, 59.339124], [18.018108, 59.33927], [18.017581, 59.339786], [18.015827, 59.340101], [18.015452, 59.340221], [18.014938, 59.3404], [18.013145, 59.340653], [18.013177, 59.340722], [18.012758, 59.340774], [18.012739, 59.340702], [18.011773, 59.340816], [18.011239, 59.340855], [18.010642, 59.340793], [18.010336, 59.340683], [18.01007, 59.340735], [18.009726, 59.340748], [18.009733, 59.340793], [18.009148, 59.340875], [18.008849, 59.3408], [18.008563, 59.340891], [18.008284, 59.340914], [18.008004, 59.340764], [18.007585, 59.340761], [18.007298, 59.340677], [18.006707, 59.340641], [18.006275, 59.340716], [18.005989, 59.34055], [18.005322, 59.340362], [18.005068, 59.340183], [18.004782, 59.340096], [18.003383, 59.339388], [18.003542, 59.3393], [18.00149, 59.338495], [18.001274, 59.338609], [18.000988, 59.338492], [18.001178, 59.338369], [17.998979, 59.337547], [17.999068, 59.337473], [17.996901, 59.336671], [17.997054, 59.336456], [17.99645, 59.336382], [17.995967, 59.336171], [17.99577, 59.335973], [17.99598, 59.335762], [17.995942, 59.335599], [17.996203, 59.335314], [17.996196, 59.335242], [17.99645, 59.335067], [17.996311, 59.334716], [17.996609, 59.334557], [17.996628, 59.334213], [17.996991, 59.333982], [17.996959, 59.333888], [17.996641, 59.333762], [17.996807, 59.333116], [17.99701, 59.332989], [17.998312, 59.332726], [17.998617, 59.332612], [17.998605, 59.332476], [17.998509, 59.332362], [17.997709, 59.33233], [17.996228, 59.332395], [17.995904, 59.332382], [17.995809, 59.33233], [17.995809, 59.332151], [17.996311, 59.332022], [17.996317, 59.331736], [17.996559, 59.331661], [17.996641, 59.33159], [17.99661, 59.331486], [17.996508, 59.33144], [17.996247, 59.331434], [17.996101, 59.331343], [17.996057, 59.330921], [17.995714, 59.3307]]], [[[17.97995, 59.319538], [17.97995, 59.319061], [17.980432, 59.318417], [17.980729, 59.318239], [17.981078, 59.317925], [17.981549, 59.317689], [17.98202, 59.317381], [17.982154, 59.317197], [17.982328, 59.317087], [17.983332, 59.316726], [17.983526, 59.316747], [17.983772, 59.316752], [17.984612, 59.316574], [17.985319, 59.316674], [17.985473, 59.316815], [17.986774, 59.317219], [17.988095, 59.31735], [17.988239, 59.317397], [17.99081, 59.31767], [17.991691, 59.317738], [17.991978, 59.317717], [17.99248, 59.317806], [17.993217, 59.318068], [17.994662, 59.318335], [17.994621, 59.318413], [17.994703, 59.318487], [17.99501, 59.318497], [17.995051, 59.318659], [17.995307, 59.318759], [17.995696, 59.318775], [17.995758, 59.318858], [17.996321, 59.319089], [17.996454, 59.31933], [17.997776, 59.319466], [17.997827, 59.319953], [17.998114, 59.320246], [17.998083, 59.320409], [17.99838, 59.320592], [17.998206, 59.320733], [17.998329, 59.321058], [17.998524, 59.321205], [17.998647, 59.321435], [17.998411, 59.321938], [17.998247, 59.322069], [17.998083, 59.322299], [17.998011, 59.322639], [17.997745, 59.322943], [17.996997, 59.323472], [17.997007, 59.323786], [17.99672, 59.324095], [17.996259, 59.324347], [17.995962, 59.324399], [17.995829, 59.324582], [17.99545, 59.324713], [17.995153, 59.324917], [17.994958, 59.324964], [17.994722, 59.324985], [17.994579, 59.325116], [17.994579, 59.325252], [17.994312, 59.325441], [17.993943, 59.325567], [17.992611, 59.326216], [17.991822, 59.32654], [17.990787, 59.32686], [17.989045, 59.326598], [17.988697, 59.326294], [17.988676, 59.3261], [17.988666, 59.32599], [17.988348, 59.325807], [17.988133, 59.325844], [17.987396, 59.325702], [17.987037, 59.325493], [17.986986, 59.325252], [17.986648, 59.324922], [17.986689, 59.324754], [17.986884, 59.324597], [17.987109, 59.324603], [17.987427, 59.324498], [17.987386, 59.324262], [17.986986, 59.324199], [17.986945, 59.323602], [17.986136, 59.323414], [17.985511, 59.323183], [17.985183, 59.322979], [17.984743, 59.322691], [17.984794, 59.322576], [17.984385, 59.322293], [17.983965, 59.322178], [17.983514, 59.321905], [17.982858, 59.321779], [17.982325, 59.321664], [17.981414, 59.321046], [17.980963, 59.320847], [17.98083, 59.320632], [17.980216, 59.32013], [17.97995, 59.319538]]], [[[17.979845, 59.307296], [17.979436, 59.307136], [17.980627, 59.306403], [17.981381, 59.306375], [17.982216, 59.304867], [17.98233, 59.304301], [17.983025, 59.304333], [17.988256, 59.30354], [17.98943, 59.302427], [17.989619, 59.302348], [17.989787, 59.302257], [17.989919, 59.302157], [17.990057, 59.302014], [17.990157, 59.301864], [17.990234, 59.301716], [17.989881, 59.301688], [17.989911, 59.30154], [17.990295, 59.301565], [17.990311, 59.301516], [17.990396, 59.301246], [17.990408, 59.301213], [17.99045, 59.301067], [17.993137, 59.30087], [17.99387, 59.300938], [17.994396, 59.300766], [17.994946, 59.300432], [17.994995, 59.300347], [17.995311, 59.300086], [17.996115, 59.298405], [17.996229, 59.298149], [17.996297, 59.298034], [17.996329, 59.298001], [17.996497, 59.29789], [17.996604, 59.297846], [17.997845, 59.297352], [17.998332, 59.297151], [18.000309, 59.296391], [18.001344, 59.295962], [18.00164, 59.295828], [18.001929, 59.295692], [18.00023, 59.294304], [17.999549, 59.293586], [17.999409, 59.293471], [18.000691, 59.292851], [18.001829, 59.292231], [18.001814, 59.291995], [18.001892, 59.291757], [18.002218, 59.291727], [18.004011, 59.29125], [18.005912, 59.290735], [18.007857, 59.289631], [18.009295, 59.28918], [18.009999, 59.289159], [18.013134, 59.28908], [18.014651, 59.288806], [18.017619, 59.288366], [18.023065, 59.289025], [18.024969, 59.290197], [18.028696, 59.291013], [18.034552, 59.29207], [18.036745, 59.291734], [18.036858, 59.290276], [18.037013, 59.289728], [18.038717, 59.288478], [18.04357, 59.286119], [18.045887, 59.284906], [18.046609, 59.284976], [18.047227, 59.284786], [18.050815, 59.284329], [18.057846, 59.282389], [18.062377, 59.282005], [18.0687, 59.280038], [18.070703, 59.27993], [18.073204, 59.279198], [18.074109, 59.27913], [18.07442, 59.279312], [18.074686, 59.279144], [18.074847, 59.278854], [18.0834, 59.276759], [18.085886, 59.276825], [18.086592, 59.276724], [18.087441, 59.27664], [18.089447, 59.276533], [18.089444, 59.275646], [18.090011, 59.275624], [18.090122, 59.275604], [18.091164, 59.275565], [18.092343, 59.275555], [18.093921, 59.275543], [18.094817, 59.276656], [18.095098, 59.278177], [18.095164, 59.278626], [18.095295, 59.2791], [18.095376, 59.279405], [18.095767, 59.279418], [18.097359, 59.279468], [18.09848, 59.279499], [18.099581, 59.279534], [18.100145, 59.27923], [18.100995, 59.278912], [18.104423, 59.278421], [18.107205, 59.277773], [18.110039, 59.276807], [18.110268, 59.275857], [18.113827, 59.276236], [18.115913, 59.275654], [18.115738, 59.277132], [18.11569, 59.278254], [18.115613, 59.279516], [18.115853, 59.279535], [18.116364, 59.279614], [18.117682, 59.279961], [18.118944, 59.280316], [18.119283, 59.280411], [18.12229, 59.281254], [18.122933, 59.281474], [18.123555, 59.281747], [18.13049, 59.28512], [18.123305, 59.288368], [18.12154, 59.290398], [18.119366, 59.293834], [18.12054, 59.294122], [18.130138, 59.301266], [18.128219, 59.301222], [18.126806, 59.301064], [18.123424, 59.301459], [18.12038, 59.301221], [18.118647, 59.301329], [18.117411, 59.301264], [18.116375, 59.301155], [18.115401, 59.301319], [18.114372, 59.301429], [18.113184, 59.301557], [18.111791, 59.301781], [18.110973, 59.301822], [18.110609, 59.301962], [18.111974, 59.302387], [18.11213, 59.302903], [18.112734, 59.303191], [18.112962, 59.303303], [18.113194, 59.303425], [18.113421, 59.303549], [18.113642, 59.303676], [18.113857, 59.303806], [18.113991, 59.30389], [18.114066, 59.303939], [18.114134, 59.30399], [18.114187, 59.304045], [18.114224, 59.304103], [18.114266, 59.304221], [18.114279, 59.304288], [18.114271, 59.304324], [18.114239, 59.304373], [18.114187, 59.304416], [18.114116, 59.304453], [18.114006, 59.304498], [18.113899, 59.304547], [18.113802, 59.304601], [18.113716, 59.30466], [18.113643, 59.304723], [18.113582, 59.304789], [18.113534, 59.304858], [18.113501, 59.30493], [18.113492, 59.304949], [18.113416, 59.305076], [18.113409, 59.30509], [18.113396, 59.305129], [18.113354, 59.305269], [18.113351, 59.305468], [18.113304, 59.305707], [18.11324, 59.306036], [18.112971, 59.306059], [18.112981, 59.306549], [18.11265, 59.308264], [18.112636, 59.308332], [18.112633, 59.308348], [18.112604, 59.308499], [18.112591, 59.308565], [18.11263, 59.308755], [18.112667, 59.308932], [18.11309, 59.308917], [18.113064, 59.308933], [18.112949, 59.309002], [18.113014, 59.309019], [18.11213, 59.309603], [18.111074, 59.3103], [18.109486, 59.311347], [18.109391, 59.311324], [18.109049, 59.311364], [18.108827, 59.311415], [18.108734, 59.311435], [18.108684, 59.311445], [18.108293, 59.311695], [18.1077, 59.312075], [18.107588, 59.312381], [18.107654, 59.312474], [18.107753, 59.312617], [18.106402, 59.313265], [18.106384, 59.313274], [18.105916, 59.313499], [18.105748, 59.313579], [18.105762, 59.313583], [18.105608, 59.313644], [18.105402, 59.31372], [18.105283, 59.313771], [18.104696, 59.313463], [18.104131, 59.313087], [18.103545, 59.312665], [18.10309, 59.312248], [18.102787, 59.311909], [18.102898, 59.311769], [18.103018, 59.311687], [18.102608, 59.311071], [18.10284, 59.31103], [18.102678, 59.310783], [18.102446, 59.310827], [18.101464, 59.309413], [18.101862, 59.309338], [18.1021, 59.309427], [18.103328, 59.309192], [18.102898, 59.308551], [18.102596, 59.308536], [18.102418, 59.308268], [18.103103, 59.308139], [18.103118, 59.308162], [18.105496, 59.307683], [18.106046, 59.308111], [18.106368, 59.307969], [18.106338, 59.307909], [18.106192, 59.307894], [18.106141, 59.307793], [18.106237, 59.307721], [18.106161, 59.307592], [18.106443, 59.307595], [18.106468, 59.307479], [18.107052, 59.30752], [18.107122, 59.307239], [18.106472, 59.307188], [18.106465, 59.306652], [18.10711, 59.306592], [18.10711, 59.306509], [18.106616, 59.306546], [18.10656, 59.306379], [18.105915, 59.306433], [18.105281, 59.306596], [18.104379, 59.306674], [18.103023, 59.306389], [18.102477, 59.306155], [18.102412, 59.306065], [18.102467, 59.305918], [18.10227, 59.305668], [18.102319, 59.305439], [18.102067, 59.3053], [18.102615, 59.305106], [18.103013, 59.304923], [18.10323, 59.304894], [18.103295, 59.304832], [18.103979, 59.304597], [18.104125, 59.304536], [18.104619, 59.304422], [18.104941, 59.304285], [18.105127, 59.304226], [18.104657, 59.30386], [18.104214, 59.304007], [18.104184, 59.303984], [18.099286, 59.305652], [18.09914, 59.305647], [18.098954, 59.305658], [18.098808, 59.305738], [18.098722, 59.305836], [18.098486, 59.305955], [18.09838, 59.305988], [18.098275, 59.306078], [18.098083, 59.306153], [18.097756, 59.306228], [18.097585, 59.306249], [18.097484, 59.30621], [18.097358, 59.306257], [18.097167, 59.306306], [18.096955, 59.306309], [18.096794, 59.306288], [18.096401, 59.306412], [18.096074, 59.306485], [18.095862, 59.306505], [18.095686, 59.306627], [18.094814, 59.306416], [18.094834, 59.306375], [18.093326, 59.30602], [18.093276, 59.306054], [18.085864, 59.304304], [18.085788, 59.304206], [18.084447, 59.303895], [18.084296, 59.303929], [18.080877, 59.303109], [18.079868, 59.30293], [18.07824, 59.302659], [18.078122, 59.302641], [18.078004, 59.302624], [18.077808, 59.302407], [18.077385, 59.302372], [18.077102, 59.302341], [18.076951, 59.302161], [18.076467, 59.30196], [18.07566, 59.301821], [18.075559, 59.301734], [18.075136, 59.301662], [18.074058, 59.301698], [18.073786, 59.30175], [18.07304, 59.301776], [18.072022, 59.301725], [18.071065, 59.301906], [18.070632, 59.301927], [18.069736, 59.30217], [18.069, 59.302227], [18.067519, 59.302186], [18.066864, 59.302187], [18.065907, 59.302337], [18.06502, 59.302409], [18.064093, 59.302564], [18.063005, 59.302673], [18.062552, 59.302823], [18.061645, 59.302921], [18.0609, 59.302976], [18.059828, 59.303197], [18.057093, 59.303305], [18.05607, 59.303518], [18.055494, 59.303543], [18.05503, 59.303437], [18.054214, 59.303404], [18.053942, 59.303568], [18.052487, 59.303708], [18.051271, 59.303733], [18.050247, 59.303659], [18.048903, 59.303652], [18.048727, 59.303562], [18.048279, 59.303488], [18.047751, 59.303538], [18.046762, 59.303695], [18.046339, 59.303871], [18.046178, 59.304077], [18.045493, 59.304345], [18.044042, 59.304675], [18.043478, 59.304686], [18.04251, 59.3048], [18.042349, 59.304918], [18.041301, 59.305212], [18.040697, 59.305285], [18.039236, 59.305352], [18.038626, 59.305668], [18.038082, 59.305791], [18.033936, 59.30674], [18.033618, 59.306793], [18.029892, 59.308129], [18.030322, 59.308454], [18.030537, 59.308433], [18.033132, 59.311726], [18.032753, 59.311873], [18.030972, 59.313067], [18.031106, 59.313179], [18.028852, 59.31413], [18.025636, 59.31478], [18.025515, 59.314852], [18.022471, 59.315476], [18.022088, 59.315456], [18.020234, 59.315848], [18.01848, 59.315936], [18.017209, 59.315493], [18.017159, 59.315369], [18.016695, 59.315307], [18.016402, 59.315415], [18.016423, 59.315895], [18.016756, 59.315977], [18.016927, 59.316286], [18.016131, 59.316683], [18.015153, 59.316833], [18.014851, 59.317029], [18.01351, 59.317127], [18.011504, 59.317616], [18.011252, 59.317874], [18.009659, 59.318163], [18.009135, 59.318178], [18.00852, 59.318431], [18.006262, 59.318756], [18.00484, 59.318642], [18.003449, 59.318503], [18.003005, 59.318344], [18.002289, 59.318153], [18.000686, 59.317772], [18.000031, 59.317792], [17.999103, 59.317519], [17.997127, 59.317153], [17.99621, 59.316844], [17.995061, 59.316607], [17.994577, 59.316365], [17.993175, 59.31638], [17.992288, 59.316267], [17.991089, 59.316107], [17.988538, 59.31573], [17.988478, 59.315658], [17.987782, 59.315581], [17.985766, 59.315565], [17.984939, 59.315488], [17.984506, 59.315333], [17.984355, 59.315184], [17.984405, 59.315039], [17.984133, 59.314977], [17.984214, 59.314642], [17.984829, 59.314261], [17.985585, 59.314251], [17.986483, 59.313772], [17.98748, 59.313772], [17.987692, 59.313658], [17.987773, 59.313442], [17.98989, 59.313566], [17.992319, 59.313994], [17.992743, 59.313994], [17.993237, 59.313865], [17.993549, 59.31385], [17.993751, 59.313607], [17.993105, 59.313381], [17.99235, 59.313169], [17.991513, 59.313133], [17.987592, 59.312777], [17.987309, 59.312679], [17.986322, 59.312597], [17.9848, 59.312602], [17.984185, 59.31271], [17.98361, 59.312535], [17.981493, 59.312065], [17.980244, 59.311704], [17.980456, 59.311199], [17.981887, 59.311297], [17.983661, 59.311555], [17.984225, 59.311628], [17.984891, 59.311684], [17.985798, 59.311643], [17.986806, 59.311561], [17.987511, 59.311484], [17.987743, 59.31137], [17.987502, 59.311056], [17.987068, 59.310793], [17.986585, 59.310736], [17.985234, 59.310834], [17.98474, 59.310855], [17.984135, 59.310772], [17.983228, 59.310406], [17.982956, 59.310205], [17.982704, 59.309968], [17.982261, 59.309818], [17.982664, 59.309231], [17.982695, 59.308922], [17.982513, 59.308803], [17.982221, 59.308747], [17.98212, 59.30854], [17.981757, 59.30869], [17.980719, 59.30888], [17.980737, 59.308161], [17.980204, 59.308072], [17.979845, 59.307296]]], [[[17.961701, 59.341425], [17.962243, 59.340491], [17.968643, 59.335098], [17.968481, 59.334682], [17.968396, 59.334484], [17.969366, 59.334308], [17.970222, 59.334167], [17.975901, 59.333063], [17.976943, 59.33319], [17.977066, 59.333288], [17.977078, 59.333297], [17.977227, 59.333403], [17.978237, 59.333285], [17.97815, 59.333013], [17.979488, 59.332889], [17.982666, 59.332562], [17.983104, 59.332503], [17.983535, 59.332426], [17.983935, 59.332333], [17.984766, 59.332133], [17.985471, 59.332051], [17.985692, 59.332037], [17.985931, 59.332037], [17.986123, 59.332041], [17.986469, 59.33206], [17.986562, 59.331657], [17.986722, 59.331604], [17.986827, 59.331708], [17.990187, 59.331841], [17.990244, 59.331954], [17.990545, 59.33212], [17.991163, 59.332286], [17.991537, 59.332444], [17.992098, 59.332789], [17.992334, 59.332943], [17.992529, 59.333151], [17.992855, 59.333276], [17.99331, 59.333417], [17.993652, 59.334036], [17.993676, 59.334348], [17.993408, 59.334597], [17.992895, 59.334747], [17.992602, 59.334751], [17.992025, 59.335021], [17.992065, 59.335088], [17.99187, 59.335196], [17.991886, 59.335329], [17.991414, 59.335574], [17.991146, 59.335927], [17.991259, 59.336197], [17.991227, 59.336501], [17.991365, 59.336775], [17.991788, 59.337091], [17.99191, 59.33769], [17.992235, 59.338089], [17.992325, 59.338301], [17.992992, 59.338725], [17.993065, 59.33902], [17.99278, 59.339668], [17.992446, 59.340071], [17.992015, 59.340375], [17.991616, 59.340445], [17.9916, 59.340503], [17.990851, 59.340998], [17.990266, 59.341156], [17.989216, 59.340977], [17.988695, 59.340682], [17.988362, 59.340636], [17.988118, 59.340707], [17.986921, 59.340852], [17.986588, 59.341135], [17.986661, 59.341451], [17.986376, 59.341725], [17.985245, 59.34219], [17.984154, 59.342365], [17.983601, 59.342377], [17.980126, 59.343237], [17.977734, 59.342842], [17.977343, 59.342908], [17.976904, 59.342854], [17.976367, 59.342933], [17.975626, 59.342958], [17.974699, 59.342829], [17.974162, 59.342517], [17.973259, 59.342284], [17.97295, 59.342097], [17.972486, 59.341893], [17.972259, 59.341631], [17.972104, 59.341374], [17.972105, 59.341162], [17.971909, 59.340962], [17.971568, 59.340746], [17.970974, 59.340687], [17.970754, 59.340613], [17.969672, 59.34072], [17.968818, 59.340749], [17.967581, 59.340899], [17.966808, 59.341031], [17.966173, 59.341264], [17.965451, 59.341441], [17.96448, 59.341507], [17.961701, 59.341425]]], [[[17.948243, 59.398827], [17.948136, 59.398662], [17.948566, 59.398627], [17.948828, 59.398599], [17.949022, 59.398551], [17.949159, 59.398496], [17.949291, 59.398415], [17.9494, 59.398287], [17.949467, 59.398029], [17.949704, 59.39716], [17.949691, 59.397119], [17.949637, 59.397079], [17.949676, 59.396947], [17.949721, 59.396947], [17.950044, 59.396983], [17.950028, 59.397027], [17.950003, 59.397074], [17.949991, 59.397106], [17.949914, 59.397127], [17.949879, 59.397146], [17.949858, 59.397173], [17.949619, 59.398081], [17.949573, 59.398258], [17.94952, 59.398361], [17.949434, 59.398447], [17.949325, 59.398525], [17.949217, 59.398578], [17.949076, 59.398629], [17.948844, 59.398684], [17.948364, 59.398731], [17.948296, 59.39875], [17.948256, 59.398785], [17.948243, 59.398827]]], [[[17.945346, 59.406489], [17.944964, 59.406362], [17.947496, 59.404655], [17.948434, 59.403941], [17.948666, 59.403816], [17.949222, 59.403388], [17.951123, 59.401878], [17.95285, 59.40053], [17.953266, 59.400655], [17.951637, 59.40193], [17.949811, 59.403363], [17.948881, 59.404102], [17.945346, 59.406489]]], [[[17.943967, 59.40166], [17.943894, 59.401637], [17.944321, 59.401307], [17.944926, 59.40151], [17.944875, 59.40155], [17.944894, 59.401559], [17.944908, 59.401572], [17.944916, 59.401587], [17.944917, 59.4016], [17.944909, 59.401613], [17.944902, 59.401621], [17.944906, 59.401625], [17.944968, 59.401646], [17.944901, 59.401699], [17.94487, 59.401724], [17.944835, 59.401751], [17.94477, 59.401801], [17.94474, 59.40179], [17.944709, 59.401779], [17.944699, 59.401777], [17.944531, 59.401908], [17.943901, 59.401707], [17.943967, 59.40166]]], [[[17.942424, 59.403874], [17.942003, 59.40373], [17.942563, 59.403298], [17.943086, 59.402895], [17.943511, 59.40302], [17.943047, 59.403377], [17.943052, 59.403397], [17.943049, 59.40341], [17.943007, 59.403441], [17.942509, 59.403821], [17.942424, 59.403874]]]]}, "geometry_name": "GEOMETRY", "properties": {"DISTRICT_ID": 132485, "DISTRICT_NAME": "Taxa 12", "DIVISION_ID": 14, "TAXA": "Vardagar utom vardag före sön- och helgdag klockan 07.00 - 21.00, vardag före sön- och helgdag klockan 9.00 - 19.00 och sön- och helgdag klockan 9.00 - 19.00, 7,75 kr/tim. Övrig tid 5 kr/tim.", "FID": 7}, "bbox": [17.942003, 59.275543, 18.143141, 59.406489]}, {"type": "Feature", "id": "LTFR_TAXA_VIEW.8", "geometry": {"type": "Polygon", "coordinates": [[[18.046084, 59.333713], [18.045643, 59.332969], [18.049034, 59.332509], [18.049333, 59.333254], [18.046084, 59.333713]]]}, "geometry_name": "GEOMETRY", "properties": {"DISTRICT_ID": 132486, "DISTRICT_NAME": "Taxa 13", "DIVISION_ID": 14, "TAXA": "Vardagar utom vardag före sön- och helgdag klockan 7.00 - 19.00, 5 kr/tim. Vardag före sön- och helgdag klockan 11.00 - 17.00, 3,75 kr/tim.", "FID": 8}, "bbox": [18.045643, 59.332509, 18.049333, 59.333713]}, {"type": "Feature", "id": "LTFR_TAXA_VIEW.9", "geometry": {"type": "Polygon", "coordinates": [[[18.046084, 59.333713], [18.045643, 59.332969], [18.049034, 59.332509], [18.049333, 59.333254], [18.046084, 59.333713]]]}, "geometry_name": "GEOMETRY", "properties": {"DISTRICT_ID": 132487, "DISTRICT_NAME": "Taxa 14", "DIVISION_ID": 14, "TAXA": "Vardagar utom vardag före sön- och helgdag klockan 07.00 - 19.00 och vardag före sön- och helgdag klockan 11.00 - 17.00,  2,50 kr/tim.", "FID": 9}, "bbox": [18.045643, 59.332509, 18.049333, 59.333713]}, {"type": "Feature", "id": "LTFR_TAXA_VIEW.10", "geometry": {"type": "Polygon", "coordinates": [[[18.046084, 59.333713], [18.045643, 59.332969], [18.049034, 59.332509], [18.049333, 59.333254], [18.046084, 59.333713]]]}, "geometry_name": "GEOMETRY", "properties": {"DISTRICT_ID": 132488, "DISTRICT_NAME": "Taxa 15", "DIVISION_ID": 14, "TAXA": "Vardagar utom vardag före sön- och helgdag klockan 07.00 - 19.00, 2,50 kr/tim.", "FID": 10}, "bbox": [18.045643, 59.332509, 18.049333, 59.333713]}], "totalFeatures": 10, "numberMatched": 10, "numberReturned": 10, "timeStamp": "2026-09-01T08:21:59.934Z", "crs": {"type": "name", "properties": {"name": "urn:ogc:def:crs:EPSG::4326"}}, "bbox": [17.859748, 59.256751, 18.15207, 59.406489]}